display_name_clean,iso_alpha2,asset_slug_clean,flag_source_file,flag_output_file,flag_status,map_outline_source_file,map_output_file,map_status,notes
Afghanistan,AF,afghanistan,af.svg,public/assets/manifestwave/flags/afghanistan.svg,copied,afghanistan.jpg,public/assets/manifestwave/maps/afghanistan.jpg,copied_unverified_text_cleanup_needed,Originals preserved. Clean/review copied map for embedded text before final use.
Albania,AL,albania,al.svg,public/assets/manifestwave/flags/albania.svg,copied,Albania.jpg,public/assets/manifestwave/maps/albania.jpg,copied_unverified_text_cleanup_needed,Originals preserved. Clean/review copied map for embedded text before final use.
Algeria,DZ,algeria,dz.svg,public/assets/manifestwave/flags/algeria.svg,copied,algeria.jpg,public/assets/manifestwave/maps/algeria.jpg,copied_unverified_text_cleanup_needed,Originals preserved. Clean/review copied map for embedded text before final use.
American Samoa,AS,american-samoa,as.svg,public/assets/manifestwave/flags/american-samoa.svg,copied,Americansamoa.jpg,public/assets/manifestwave/maps/american-samoa.jpg,copied_unverified_text_cleanup_needed,Originals preserved. Clean/review copied map for embedded text before final use.
Andorra,AD,andorra,ad.svg,public/assets/manifestwave/flags/andorra.svg,copied,Andorra.jpg,public/assets/manifestwave/maps/andorra.jpg,copied_unverified_text_cleanup_needed,Originals preserved. Clean/review copied map for embedded text before final use.
Angola,AO,angola,ao.svg,public/assets/manifestwave/flags/angola.svg,copied,Angola.jpg,public/assets/manifestwave/maps/angola.jpg,copied_unverified_text_cleanup_needed,Originals preserved. Clean/review copied map for embedded text before final use.
Anguilla,AI,anguilla,ai.svg,public/assets/manifestwave/flags/anguilla.svg,copied,Anguilla.jpg,public/assets/manifestwave/maps/anguilla.jpg,copied_unverified_text_cleanup_needed,Originals preserved. Clean/review copied map for embedded text before final use.
Antarctica,AQ,antarctica,aq.svg,public/assets/manifestwave/flags/antarctica.svg,copied,Antarctica.jpg,public/assets/manifestwave/maps/antarctica.jpg,copied_unverified_text_cleanup_needed,Originals preserved. Clean/review copied map for embedded text before final use.
Antigua and Barbuda,AG,antigua-and-barbuda,ag.svg,public/assets/manifestwave/flags/antigua-and-barbuda.svg,copied,AntiguaandBarbuda.jpg,public/assets/manifestwave/maps/antigua-and-barbuda.jpg,copied_unverified_text_cleanup_needed,Originals preserved. Clean/review copied map for embedded text before final use.
Argentina,AR,argentina,ar.svg,public/assets/manifestwave/flags/argentina.svg,copied,Argentina.jpg,public/assets/manifestwave/maps/argentina.jpg,copied_unverified_text_cleanup_needed,Originals preserved. Clean/review copied map for embedded text before final use.
Armenia,AM,armenia,am.svg,public/assets/manifestwave/flags/armenia.svg,copied,Armenia.jpg,public/assets/manifestwave/maps/armenia.jpg,copied_unverified_text_cleanup_needed,Originals preserved. Clean/review copied map for embedded text before final use.
Aruba,AW,aruba,aw.svg,public/assets/manifestwave/flags/aruba.svg,copied,Aruba.jpg,public/assets/manifestwave/maps/aruba.jpg,copied_unverified_text_cleanup_needed,Originals preserved. Clean/review copied map for embedded text before final use.
Australia,AU,australia,au.svg,public/assets/manifestwave/flags/australia.svg,copied,Australia.jpg,public/assets/manifestwave/maps/australia.jpg,copied_unverified_text_cleanup_needed,Originals preserved. Clean/review copied map for embedded text before final use.
Austria,AT,austria,at.svg,public/assets/manifestwave/flags/austria.svg,copied,Austria.jpg,public/assets/manifestwave/maps/austria.jpg,copied_unverified_text_cleanup_needed,Originals preserved. Clean/review copied map for embedded text before final use.
Azerbaijan,AZ,azerbaijan,az.svg,public/assets/manifestwave/flags/azerbaijan.svg,copied,Azerbaijan.jpg,public/assets/manifestwave/maps/azerbaijan.jpg,copied_unverified_text_cleanup_needed,Originals preserved. Clean/review copied map for embedded text before final use.
Bahamas,BS,bahamas,bs.svg,public/assets/manifestwave/flags/bahamas.svg,copied,,,missing,Map outline missing; use placeholder until sourced.
Bahrain,BH,bahrain,bh.svg,public/assets/manifestwave/flags/bahrain.svg,copied,Bahrain.jpg,public/assets/manifestwave/maps/bahrain.jpg,copied_unverified_text_cleanup_needed,Originals preserved. Clean/review copied map for embedded text before final use.
Bangladesh,BD,bangladesh,bd.svg,public/assets/manifestwave/flags/bangladesh.svg,copied,Bangladesh.jpg,public/assets/manifestwave/maps/bangladesh.jpg,copied_unverified_text_cleanup_needed,Originals preserved. Clean/review copied map for embedded text before final use.
Barbados,BB,barbados,bb.svg,public/assets/manifestwave/flags/barbados.svg,copied,Barbados.jpg,public/assets/manifestwave/maps/barbados.jpg,copied_unverified_text_cleanup_needed,Originals preserved. Clean/review copied map for embedded text before final use.
Belarus,BY,belarus,by.svg,public/assets/manifestwave/flags/belarus.svg,copied,,,missing,Map outline missing; use placeholder until sourced.
Belgium,BE,belgium,be.svg,public/assets/manifestwave/flags/belgium.svg,copied,Belgium.jpg,public/assets/manifestwave/maps/belgium.jpg,copied_unverified_text_cleanup_needed,Originals preserved. Clean/review copied map for embedded text before final use.
Belize,BZ,belize,bz.svg,public/assets/manifestwave/flags/belize.svg,copied,,,missing,Map outline missing; use placeholder until sourced.
Benin,BJ,benin,bj.svg,public/assets/manifestwave/flags/benin.svg,copied,Benin.jpg,public/assets/manifestwave/maps/benin.jpg,copied_unverified_text_cleanup_needed,Originals preserved. Clean/review copied map for embedded text before final use.
Bermuda,BM,bermuda,bm.svg,public/assets/manifestwave/flags/bermuda.svg,copied,Bermuda.jpg,public/assets/manifestwave/maps/bermuda.jpg,copied_unverified_text_cleanup_needed,Originals preserved. Clean/review copied map for embedded text before final use.
Bhutan,BT,bhutan,bt.svg,public/assets/manifestwave/flags/bhutan.svg,copied,Bhutan.jpg,public/assets/manifestwave/maps/bhutan.jpg,copied_unverified_text_cleanup_needed,Originals preserved. Clean/review copied map for embedded text before final use.
Bolivia,BO,bolivia,bo.svg,public/assets/manifestwave/flags/bolivia.svg,copied,,,missing,Map outline missing; use placeholder until sourced.
"Bonaire, Sint Eustatius and Saba",BQ,bonaire-sint-eustatius-and-saba,bq.svg,public/assets/manifestwave/flags/bonaire-sint-eustatius-and-saba.svg,copied,,,missing,Map outline missing; use placeholder until sourced.
Bosnia and Herzegovina,BA,bosnia-and-herzegovina,ba.svg,public/assets/manifestwave/flags/bosnia-and-herzegovina.svg,copied,BosniaandHerzegovina.jpg,public/assets/manifestwave/maps/bosnia-and-herzegovina.jpg,copied_unverified_text_cleanup_needed,Originals preserved. Clean/review copied map for embedded text before final use.
Botswana,BW,botswana,bw.svg,public/assets/manifestwave/flags/botswana.svg,copied,Botswana.jpg,public/assets/manifestwave/maps/botswana.jpg,copied_unverified_text_cleanup_needed,Originals preserved. Clean/review copied map for embedded text before final use.
Brazil,BR,brazil,br.svg,public/assets/manifestwave/flags/brazil.svg,copied,Brazil.jpg,public/assets/manifestwave/maps/brazil.jpg,copied_unverified_text_cleanup_needed,Originals preserved. Clean/review copied map for embedded text before final use.
British Indian Ocean Territory,IO,british-indian-ocean-territory,io.svg,public/assets/manifestwave/flags/british-indian-ocean-territory.svg,copied,,,missing,Map outline missing; use placeholder until sourced.
British Virgin Islands,VG,british-virgin-islands,vg.svg,public/assets/manifestwave/flags/british-virgin-islands.svg,copied,BritishVirginIslands.jpg,public/assets/manifestwave/maps/british-virgin-islands.jpg,copied_unverified_text_cleanup_needed,Originals preserved. Clean/review copied map for embedded text before final use.
Brunei,BN,brunei,bn.svg,public/assets/manifestwave/flags/brunei.svg,copied,Brunei.jpg,public/assets/manifestwave/maps/brunei.jpg,copied_unverified_text_cleanup_needed,Originals preserved. Clean/review copied map for embedded text before final use.
Bulgaria,BG,bulgaria,bg.svg,public/assets/manifestwave/flags/bulgaria.svg,copied,Bulgaria.jpg,public/assets/manifestwave/maps/bulgaria.jpg,copied_unverified_text_cleanup_needed,Originals preserved. Clean/review copied map for embedded text before final use.
Burkina Faso,BF,burkina-faso,bf.svg,public/assets/manifestwave/flags/burkina-faso.svg,copied,BurkinaFaso.jpg,public/assets/manifestwave/maps/burkina-faso.jpg,copied_unverified_text_cleanup_needed,Originals preserved. Clean/review copied map for embedded text before final use.
Burundi,BI,burundi,bi.svg,public/assets/manifestwave/flags/burundi.svg,copied,Burundi.jpg,public/assets/manifestwave/maps/burundi.jpg,copied_unverified_text_cleanup_needed,Originals preserved. Clean/review copied map for embedded text before final use.
Cabo Verde,CV,cabo-verde,cv.svg,public/assets/manifestwave/flags/cabo-verde.svg,copied,,,missing,Map outline missing; use placeholder until sourced.
Cambodia,KH,cambodia,kh.svg,public/assets/manifestwave/flags/cambodia.svg,copied,Cambodia.jpg,public/assets/manifestwave/maps/cambodia.jpg,copied_unverified_text_cleanup_needed,Originals preserved. Clean/review copied map for embedded text before final use.
Cameroon,CM,cameroon,cm.svg,public/assets/manifestwave/flags/cameroon.svg,copied,Cameroon.jpg,public/assets/manifestwave/maps/cameroon.jpg,copied_unverified_text_cleanup_needed,Originals preserved. Clean/review copied map for embedded text before final use.
Canada,CA,canada,ca.svg,public/assets/manifestwave/flags/canada.svg,copied,Canada.jpg,public/assets/manifestwave/maps/canada.jpg,copied_unverified_text_cleanup_needed,Originals preserved. Clean/review copied map for embedded text before final use.
Cayman Islands,KY,cayman-islands,ky.svg,public/assets/manifestwave/flags/cayman-islands.svg,copied,CaymanIslands.jpg,public/assets/manifestwave/maps/cayman-islands.jpg,copied_unverified_text_cleanup_needed,Originals preserved. Clean/review copied map for embedded text before final use.
Central African Republic,CF,central-african-republic,cf.svg,public/assets/manifestwave/flags/central-african-republic.svg,copied,CentralAfricanRepublic.jpg,public/assets/manifestwave/maps/central-african-republic.jpg,copied_unverified_text_cleanup_needed,Originals preserved. Clean/review copied map for embedded text before final use.
Chad,TD,chad,td.svg,public/assets/manifestwave/flags/chad.svg,copied,Chad.jpg,public/assets/manifestwave/maps/chad.jpg,copied_unverified_text_cleanup_needed,Originals preserved. Clean/review copied map for embedded text before final use.
Chile,CL,chile,cl.svg,public/assets/manifestwave/flags/chile.svg,copied,Chile.jpg,public/assets/manifestwave/maps/chile.jpg,copied_unverified_text_cleanup_needed,Originals preserved. Clean/review copied map for embedded text before final use.
China,CN,china,cn.svg,public/assets/manifestwave/flags/china.svg,copied,China.jpg,public/assets/manifestwave/maps/china.jpg,copied_unverified_text_cleanup_needed,Originals preserved. Clean/review copied map for embedded text before final use.
Christmas Island,CX,christmas-island,cx.svg,public/assets/manifestwave/flags/christmas-island.svg,copied,ChristmasIsland.jpg,public/assets/manifestwave/maps/christmas-island.jpg,copied_unverified_text_cleanup_needed,Originals preserved. Clean/review copied map for embedded text before final use.
Cocos (Keeling) Islands,CC,cocos-keeling-islands,cc.svg,public/assets/manifestwave/flags/cocos-keeling-islands.svg,copied,Cocos(Keeling)Islands.jpg,public/assets/manifestwave/maps/cocos-keeling-islands.jpg,copied_unverified_text_cleanup_needed,Originals preserved. Clean/review copied map for embedded text before final use.
Colombia,CO,colombia,co.svg,public/assets/manifestwave/flags/colombia.svg,copied,Colombia.jpg,public/assets/manifestwave/maps/colombia.jpg,copied_unverified_text_cleanup_needed,Originals preserved. Clean/review copied map for embedded text before final use.
Comoros,KM,comoros,km.svg,public/assets/manifestwave/flags/comoros.svg,copied,Comoros.jpg,public/assets/manifestwave/maps/comoros.jpg,copied_unverified_text_cleanup_needed,Originals preserved. Clean/review copied map for embedded text before final use.
Cook Islands,CK,cook-islands,ck.svg,public/assets/manifestwave/flags/cook-islands.svg,copied,CookIslands.jpg,public/assets/manifestwave/maps/cook-islands.jpg,copied_unverified_text_cleanup_needed,Originals preserved. Clean/review copied map for embedded text before final use.
Costa Rica,CR,costa-rica,cr.svg,public/assets/manifestwave/flags/costa-rica.svg,copied,CostaRica.jpg,public/assets/manifestwave/maps/costa-rica.jpg,copied_unverified_text_cleanup_needed,Originals preserved. Clean/review copied map for embedded text before final use.
Cote d'Ivoire,CI,cote-d-ivoire,ci.svg,public/assets/manifestwave/flags/cote-d-ivoire.svg,copied,Coted'Ivoire.jpg,public/assets/manifestwave/maps/cote-d-ivoire.jpg,copied_unverified_text_cleanup_needed,Originals preserved. Clean/review copied map for embedded text before final use.
Croatia,HR,croatia,hr.svg,public/assets/manifestwave/flags/croatia.svg,copied,Croatia.jpg,public/assets/manifestwave/maps/croatia.jpg,copied_unverified_text_cleanup_needed,Originals preserved. Clean/review copied map for embedded text before final use.
Cuba,CU,cuba,cu.svg,public/assets/manifestwave/flags/cuba.svg,copied,Cuba.jpg,public/assets/manifestwave/maps/cuba.jpg,copied_unverified_text_cleanup_needed,Originals preserved. Clean/review copied map for embedded text before final use.
Curacao,CW,curacao,cw.svg,public/assets/manifestwave/flags/curacao.svg,copied,,,missing,Map outline missing; use placeholder until sourced.
Cyprus,CY,cyprus,cy.svg,public/assets/manifestwave/flags/cyprus.svg,copied,,,missing,Map outline missing; use placeholder until sourced.
Czech Republic,CZ,czech-republic,cz.svg,public/assets/manifestwave/flags/czech-republic.svg,copied,,,missing,Map outline missing; use placeholder until sourced.
Democratic Republic of the Congo,CD,democratic-republic-of-the-congo,cd.svg,public/assets/manifestwave/flags/democratic-republic-of-the-congo.svg,copied,,,missing,Map outline missing; use placeholder until sourced.
Denmark,DK,denmark,dk.svg,public/assets/manifestwave/flags/denmark.svg,copied,Denmark.jpg,public/assets/manifestwave/maps/denmark.jpg,copied_unverified_text_cleanup_needed,Originals preserved. Clean/review copied map for embedded text before final use.
Djibouti,DJ,djibouti,dj.svg,public/assets/manifestwave/flags/djibouti.svg,copied,Djibouti.jpg,public/assets/manifestwave/maps/djibouti.jpg,copied_unverified_text_cleanup_needed,Originals preserved. Clean/review copied map for embedded text before final use.
Dominica,DM,dominica,dm.svg,public/assets/manifestwave/flags/dominica.svg,copied,Dominica.jpg,public/assets/manifestwave/maps/dominica.jpg,copied_unverified_text_cleanup_needed,Originals preserved. Clean/review copied map for embedded text before final use.
Dominican Republic,DO,dominican-republic,do.svg,public/assets/manifestwave/flags/dominican-republic.svg,copied,DominicanRepublic.jpg,public/assets/manifestwave/maps/dominican-republic.jpg,copied_unverified_text_cleanup_needed,Originals preserved. Clean/review copied map for embedded text before final use.
Ecuador,EC,ecuador,ec.svg,public/assets/manifestwave/flags/ecuador.svg,copied,Ecuador.jpg,public/assets/manifestwave/maps/ecuador.jpg,copied_unverified_text_cleanup_needed,Originals preserved. Clean/review copied map for embedded text before final use.
Egypt,EG,egypt,eg.svg,public/assets/manifestwave/flags/egypt.svg,copied,Egypt.jpg,public/assets/manifestwave/maps/egypt.jpg,copied_unverified_text_cleanup_needed,Originals preserved. Clean/review copied map for embedded text before final use.
El Salvador,SV,el-salvador,sv.svg,public/assets/manifestwave/flags/el-salvador.svg,copied,ElSalvador.jpg,public/assets/manifestwave/maps/el-salvador.jpg,copied_unverified_text_cleanup_needed,Originals preserved. Clean/review copied map for embedded text before final use.
Equatorial Guinea,GQ,equatorial-guinea,gq.svg,public/assets/manifestwave/flags/equatorial-guinea.svg,copied,EquatorialGuinea.jpg,public/assets/manifestwave/maps/equatorial-guinea.jpg,copied_unverified_text_cleanup_needed,Originals preserved. Clean/review copied map for embedded text before final use.
Eritrea,ER,eritrea,er.svg,public/assets/manifestwave/flags/eritrea.svg,copied,Eritrea.jpg,public/assets/manifestwave/maps/eritrea.jpg,copied_unverified_text_cleanup_needed,Originals preserved. Clean/review copied map for embedded text before final use.
Estonia,EE,estonia,ee.svg,public/assets/manifestwave/flags/estonia.svg,copied,Estonia.jpg,public/assets/manifestwave/maps/estonia.jpg,copied_unverified_text_cleanup_needed,Originals preserved. Clean/review copied map for embedded text before final use.
Eswatini,SZ,eswatini,sz.svg,public/assets/manifestwave/flags/eswatini.svg,copied,,,missing,Map outline missing; use placeholder until sourced.
Ethiopia,ET,ethiopia,et.svg,public/assets/manifestwave/flags/ethiopia.svg,copied,Ethiopia.jpg,public/assets/manifestwave/maps/ethiopia.jpg,copied_unverified_text_cleanup_needed,Originals preserved. Clean/review copied map for embedded text before final use.
Falkland Islands,FK,falkland-islands,fk.svg,public/assets/manifestwave/flags/falkland-islands.svg,copied,,,missing,Map outline missing; use placeholder until sourced.
Faroe Islands,FO,faroe-islands,fo.svg,public/assets/manifestwave/flags/faroe-islands.svg,copied,FaroeIslands.jpg,public/assets/manifestwave/maps/faroe-islands.jpg,copied_unverified_text_cleanup_needed,Originals preserved. Clean/review copied map for embedded text before final use.
Fiji,FJ,fiji,fj.svg,public/assets/manifestwave/flags/fiji.svg,copied,Fiji.jpg,public/assets/manifestwave/maps/fiji.jpg,copied_unverified_text_cleanup_needed,Originals preserved. Clean/review copied map for embedded text before final use.
Finland,FI,finland,fi.svg,public/assets/manifestwave/flags/finland.svg,copied,Finland.jpg,public/assets/manifestwave/maps/finland.jpg,copied_unverified_text_cleanup_needed,Originals preserved. Clean/review copied map for embedded text before final use.
France,FR,france,fr.svg,public/assets/manifestwave/flags/france.svg,copied,France.jpg,public/assets/manifestwave/maps/france.jpg,copied_unverified_text_cleanup_needed,Originals preserved. Clean/review copied map for embedded text before final use.
French Guiana,GF,french-guiana,gf.svg,public/assets/manifestwave/flags/french-guiana.svg,copied,FrenchGuiana.jpg,public/assets/manifestwave/maps/french-guiana.jpg,copied_unverified_text_cleanup_needed,Originals preserved. Clean/review copied map for embedded text before final use.
French Polynesia,PF,french-polynesia,pf.svg,public/assets/manifestwave/flags/french-polynesia.svg,copied,FrenchPolynesia.jpg,public/assets/manifestwave/maps/french-polynesia.jpg,copied_unverified_text_cleanup_needed,Originals preserved. Clean/review copied map for embedded text before final use.
French Southern Territories,TF,french-southern-territories,tf.svg,public/assets/manifestwave/flags/french-southern-territories.svg,copied,,,missing,Map outline missing; use placeholder until sourced.
Gabon,GA,gabon,ga.svg,public/assets/manifestwave/flags/gabon.svg,copied,Gabon.jpg,public/assets/manifestwave/maps/gabon.jpg,copied_unverified_text_cleanup_needed,Originals preserved. Clean/review copied map for embedded text before final use.
Gambia,GM,gambia,gm.svg,public/assets/manifestwave/flags/gambia.svg,copied,Gambia.jpg,public/assets/manifestwave/maps/gambia.jpg,copied_unverified_text_cleanup_needed,Originals preserved. Clean/review copied map for embedded text before final use.
Georgia,GE,georgia,ge.svg,public/assets/manifestwave/flags/georgia.svg,copied,Georgia.jpg,public/assets/manifestwave/maps/georgia.jpg,copied_unverified_text_cleanup_needed,Originals preserved. Clean/review copied map for embedded text before final use.
Germany,DE,germany,de.svg,public/assets/manifestwave/flags/germany.svg,copied,Germany.jpg,public/assets/manifestwave/maps/germany.jpg,copied_unverified_text_cleanup_needed,Originals preserved. Clean/review copied map for embedded text before final use.
Ghana,GH,ghana,gh.svg,public/assets/manifestwave/flags/ghana.svg,copied,Ghana.jpg,public/assets/manifestwave/maps/ghana.jpg,copied_unverified_text_cleanup_needed,Originals preserved. Clean/review copied map for embedded text before final use.
Gibraltar,GI,gibraltar,gi.svg,public/assets/manifestwave/flags/gibraltar.svg,copied,Gibraltar.jpg,public/assets/manifestwave/maps/gibraltar.jpg,copied_unverified_text_cleanup_needed,Originals preserved. Clean/review copied map for embedded text before final use.
Greece,GR,greece,gr.svg,public/assets/manifestwave/flags/greece.svg,copied,Greece.jpg,public/assets/manifestwave/maps/greece.jpg,copied_unverified_text_cleanup_needed,Originals preserved. Clean/review copied map for embedded text before final use.
Greenland,GL,greenland,gl.svg,public/assets/manifestwave/flags/greenland.svg,copied,Greenland.jpg,public/assets/manifestwave/maps/greenland.jpg,copied_unverified_text_cleanup_needed,Originals preserved. Clean/review copied map for embedded text before final use.
Grenada,GD,grenada,gd.svg,public/assets/manifestwave/flags/grenada.svg,copied,Grenada.jpg,public/assets/manifestwave/maps/grenada.jpg,copied_unverified_text_cleanup_needed,Originals preserved. Clean/review copied map for embedded text before final use.
Guadeloupe,GP,guadeloupe,gp.svg,public/assets/manifestwave/flags/guadeloupe.svg,copied,Guadeloupe.jpg,public/assets/manifestwave/maps/guadeloupe.jpg,copied_unverified_text_cleanup_needed,Originals preserved. Clean/review copied map for embedded text before final use.
Guam,GU,guam,gu.svg,public/assets/manifestwave/flags/guam.svg,copied,Guam.jpg,public/assets/manifestwave/maps/guam.jpg,copied_unverified_text_cleanup_needed,Originals preserved. Clean/review copied map for embedded text before final use.
Guatemala,GT,guatemala,gt.svg,public/assets/manifestwave/flags/guatemala.svg,copied,Guatemala.jpg,public/assets/manifestwave/maps/guatemala.jpg,copied_unverified_text_cleanup_needed,Originals preserved. Clean/review copied map for embedded text before final use.
Guernsey,GG,guernsey,gg.svg,public/assets/manifestwave/flags/guernsey.svg,copied,Guernsey.jpg,public/assets/manifestwave/maps/guernsey.jpg,copied_unverified_text_cleanup_needed,Originals preserved. Clean/review copied map for embedded text before final use.
Guinea,GN,guinea,gn.svg,public/assets/manifestwave/flags/guinea.svg,copied,Guinea.jpg,public/assets/manifestwave/maps/guinea.jpg,copied_unverified_text_cleanup_needed,Originals preserved. Clean/review copied map for embedded text before final use.
Guinea-Bissau,GW,guinea-bissau,gw.svg,public/assets/manifestwave/flags/guinea-bissau.svg,copied,Guinea-Bissau.jpg,public/assets/manifestwave/maps/guinea-bissau.jpg,copied_unverified_text_cleanup_needed,Originals preserved. Clean/review copied map for embedded text before final use.
Guyana,GY,guyana,gy.svg,public/assets/manifestwave/flags/guyana.svg,copied,Guyana.jpg,public/assets/manifestwave/maps/guyana.jpg,copied_unverified_text_cleanup_needed,Originals preserved. Clean/review copied map for embedded text before final use.
Haiti,HT,haiti,ht.svg,public/assets/manifestwave/flags/haiti.svg,copied,Haiti.jpg,public/assets/manifestwave/maps/haiti.jpg,copied_unverified_text_cleanup_needed,Originals preserved. Clean/review copied map for embedded text before final use.
Holy See,VA,holy-see,va.svg,public/assets/manifestwave/flags/holy-see.svg,copied,,,missing,Map outline missing; use placeholder until sourced.
Honduras,HN,honduras,hn.svg,public/assets/manifestwave/flags/honduras.svg,copied,Honduras.jpg,public/assets/manifestwave/maps/honduras.jpg,copied_unverified_text_cleanup_needed,Originals preserved. Clean/review copied map for embedded text before final use.
Hong Kong,HK,hong-kong,hk.svg,public/assets/manifestwave/flags/hong-kong.svg,copied,HongKong.jpg,public/assets/manifestwave/maps/hong-kong.jpg,copied_unverified_text_cleanup_needed,Originals preserved. Clean/review copied map for embedded text before final use.
Hungary,HU,hungary,hu.svg,public/assets/manifestwave/flags/hungary.svg,copied,Hungary.jpg,public/assets/manifestwave/maps/hungary.jpg,copied_unverified_text_cleanup_needed,Originals preserved. Clean/review copied map for embedded text before final use.
Iceland,IS,iceland,is.svg,public/assets/manifestwave/flags/iceland.svg,copied,Iceland.jpg,public/assets/manifestwave/maps/iceland.jpg,copied_unverified_text_cleanup_needed,Originals preserved. Clean/review copied map for embedded text before final use.
India,IN,india,in.svg,public/assets/manifestwave/flags/india.svg,copied,India.jpg,public/assets/manifestwave/maps/india.jpg,copied_unverified_text_cleanup_needed,Originals preserved. Clean/review copied map for embedded text before final use.
Indonesia,ID,indonesia,id.svg,public/assets/manifestwave/flags/indonesia.svg,copied,Indonesia.jpg,public/assets/manifestwave/maps/indonesia.jpg,copied_unverified_text_cleanup_needed,Originals preserved. Clean/review copied map for embedded text before final use.
Iran,IR,iran,ir.svg,public/assets/manifestwave/flags/iran.svg,copied,,,missing,Map outline missing; use placeholder until sourced.
Iraq,IQ,iraq,iq.svg,public/assets/manifestwave/flags/iraq.svg,copied,Iraq.jpg,public/assets/manifestwave/maps/iraq.jpg,copied_unverified_text_cleanup_needed,Originals preserved. Clean/review copied map for embedded text before final use.
Ireland,IE,ireland,ie.svg,public/assets/manifestwave/flags/ireland.svg,copied,Ireland.jpg,public/assets/manifestwave/maps/ireland.jpg,copied_unverified_text_cleanup_needed,Originals preserved. Clean/review copied map for embedded text before final use.
Isle of Man,IM,isle-of-man,im.svg,public/assets/manifestwave/flags/isle-of-man.svg,copied,,,missing,Map outline missing; use placeholder until sourced.
Israel,IL,israel,il.svg,public/assets/manifestwave/flags/israel.svg,copied,Israel.jpg,public/assets/manifestwave/maps/israel.jpg,copied_unverified_text_cleanup_needed,Originals preserved. Clean/review copied map for embedded text before final use.
Italy,IT,italy,it.svg,public/assets/manifestwave/flags/italy.svg,copied,Italy.jpg,public/assets/manifestwave/maps/italy.jpg,copied_unverified_text_cleanup_needed,Originals preserved. Clean/review copied map for embedded text before final use.
Jamaica,JM,jamaica,jm.svg,public/assets/manifestwave/flags/jamaica.svg,copied,Jamaica.jpg,public/assets/manifestwave/maps/jamaica.jpg,copied_unverified_text_cleanup_needed,Originals preserved. Clean/review copied map for embedded text before final use.
Japan,JP,japan,jp.svg,public/assets/manifestwave/flags/japan.svg,copied,Japan.jpg,public/assets/manifestwave/maps/japan.jpg,copied_unverified_text_cleanup_needed,Originals preserved. Clean/review copied map for embedded text before final use.
Jersey,JE,jersey,je.svg,public/assets/manifestwave/flags/jersey.svg,copied,Jersey.jpg,public/assets/manifestwave/maps/jersey.jpg,copied_unverified_text_cleanup_needed,Originals preserved. Clean/review copied map for embedded text before final use.
Jordan,JO,jordan,jo.svg,public/assets/manifestwave/flags/jordan.svg,copied,Jordan.jpg,public/assets/manifestwave/maps/jordan.jpg,copied_unverified_text_cleanup_needed,Originals preserved. Clean/review copied map for embedded text before final use.
Kazakhstan,KZ,kazakhstan,kz.svg,public/assets/manifestwave/flags/kazakhstan.svg,copied,Kazakhstan.jpg,public/assets/manifestwave/maps/kazakhstan.jpg,copied_unverified_text_cleanup_needed,Originals preserved. Clean/review copied map for embedded text before final use.
Kenya,KE,kenya,ke.svg,public/assets/manifestwave/flags/kenya.svg,copied,Kenya.jpg,public/assets/manifestwave/maps/kenya.jpg,copied_unverified_text_cleanup_needed,Originals preserved. Clean/review copied map for embedded text before final use.
Kiribati,KI,kiribati,ki.svg,public/assets/manifestwave/flags/kiribati.svg,copied,Kiribati.jpg,public/assets/manifestwave/maps/kiribati.jpg,copied_unverified_text_cleanup_needed,Originals preserved. Clean/review copied map for embedded text before final use.
Kuwait,KW,kuwait,kw.svg,public/assets/manifestwave/flags/kuwait.svg,copied,,,missing,Map outline missing; use placeholder until sourced.
Kyrgyzstan,KG,kyrgyzstan,kg.svg,public/assets/manifestwave/flags/kyrgyzstan.svg,copied,,,missing,Map outline missing; use placeholder until sourced.
Laos,LA,laos,la.svg,public/assets/manifestwave/flags/laos.svg,copied,Laos.jpg,public/assets/manifestwave/maps/laos.jpg,copied_unverified_text_cleanup_needed,Originals preserved. Clean/review copied map for embedded text before final use.
Latvia,LV,latvia,lv.svg,public/assets/manifestwave/flags/latvia.svg,copied,Latvia.jpg,public/assets/manifestwave/maps/latvia.jpg,copied_unverified_text_cleanup_needed,Originals preserved. Clean/review copied map for embedded text before final use.
Lebanon,LB,lebanon,lb.svg,public/assets/manifestwave/flags/lebanon.svg,copied,Lebanon.jpg,public/assets/manifestwave/maps/lebanon.jpg,copied_unverified_text_cleanup_needed,Originals preserved. Clean/review copied map for embedded text before final use.
Lesotho,LS,lesotho,ls.svg,public/assets/manifestwave/flags/lesotho.svg,copied,Lesotho.jpg,public/assets/manifestwave/maps/lesotho.jpg,copied_unverified_text_cleanup_needed,Originals preserved. Clean/review copied map for embedded text before final use.
Liberia,LR,liberia,lr.svg,public/assets/manifestwave/flags/liberia.svg,copied,Liberia.jpg,public/assets/manifestwave/maps/liberia.jpg,copied_unverified_text_cleanup_needed,Originals preserved. Clean/review copied map for embedded text before final use.
Libya,LY,libya,ly.svg,public/assets/manifestwave/flags/libya.svg,copied,Libya.jpg,public/assets/manifestwave/maps/libya.jpg,copied_unverified_text_cleanup_needed,Originals preserved. Clean/review copied map for embedded text before final use.
Liechtenstein,LI,liechtenstein,li.svg,public/assets/manifestwave/flags/liechtenstein.svg,copied,Liechtenstein.jpg,public/assets/manifestwave/maps/liechtenstein.jpg,copied_unverified_text_cleanup_needed,Originals preserved. Clean/review copied map for embedded text before final use.
Lithuania,LT,lithuania,lt.svg,public/assets/manifestwave/flags/lithuania.svg,copied,Lithuania.jpg,public/assets/manifestwave/maps/lithuania.jpg,copied_unverified_text_cleanup_needed,Originals preserved. Clean/review copied map for embedded text before final use.
Luxembourg,LU,luxembourg,lu.svg,public/assets/manifestwave/flags/luxembourg.svg,copied,Luxembourg.jpg,public/assets/manifestwave/maps/luxembourg.jpg,copied_unverified_text_cleanup_needed,Originals preserved. Clean/review copied map for embedded text before final use.
Macao,MO,macao,mo.svg,public/assets/manifestwave/flags/macao.svg,copied,,,missing,Map outline missing; use placeholder until sourced.
Madagascar,MG,madagascar,mg.svg,public/assets/manifestwave/flags/madagascar.svg,copied,Madagascar.jpg,public/assets/manifestwave/maps/madagascar.jpg,copied_unverified_text_cleanup_needed,Originals preserved. Clean/review copied map for embedded text before final use.
Malawi,MW,malawi,mw.svg,public/assets/manifestwave/flags/malawi.svg,copied,Malawi.jpg,public/assets/manifestwave/maps/malawi.jpg,copied_unverified_text_cleanup_needed,Originals preserved. Clean/review copied map for embedded text before final use.
Malaysia,MY,malaysia,my.svg,public/assets/manifestwave/flags/malaysia.svg,copied,Malaysia.jpg,public/assets/manifestwave/maps/malaysia.jpg,copied_unverified_text_cleanup_needed,Originals preserved. Clean/review copied map for embedded text before final use.
Maldives,MV,maldives,mv.svg,public/assets/manifestwave/flags/maldives.svg,copied,Maldives.jpg,public/assets/manifestwave/maps/maldives.jpg,copied_unverified_text_cleanup_needed,Originals preserved. Clean/review copied map for embedded text before final use.
Mali,ML,mali,ml.svg,public/assets/manifestwave/flags/mali.svg,copied,Mali.jpg,public/assets/manifestwave/maps/mali.jpg,copied_unverified_text_cleanup_needed,Originals preserved. Clean/review copied map for embedded text before final use.
Malta,MT,malta,mt.svg,public/assets/manifestwave/flags/malta.svg,copied,Malta.jpg,public/assets/manifestwave/maps/malta.jpg,copied_unverified_text_cleanup_needed,Originals preserved. Clean/review copied map for embedded text before final use.
Marshall Islands,MH,marshall-islands,mh.svg,public/assets/manifestwave/flags/marshall-islands.svg,copied,Marshallislands.jpg,public/assets/manifestwave/maps/marshall-islands.jpg,copied_unverified_text_cleanup_needed,Originals preserved. Clean/review copied map for embedded text before final use.
Martinique,MQ,martinique,mq.svg,public/assets/manifestwave/flags/martinique.svg,copied,,,missing,Map outline missing; use placeholder until sourced.
Mauritania,MR,mauritania,mr.svg,public/assets/manifestwave/flags/mauritania.svg,copied,Mauritania.jpg,public/assets/manifestwave/maps/mauritania.jpg,copied_unverified_text_cleanup_needed,Originals preserved. Clean/review copied map for embedded text before final use.
Mauritius,MU,mauritius,mu.svg,public/assets/manifestwave/flags/mauritius.svg,copied,,,missing,Map outline missing; use placeholder until sourced.
Mayotte,YT,mayotte,yt.svg,public/assets/manifestwave/flags/mayotte.svg,copied,,,missing,Map outline missing; use placeholder until sourced.
Mexico,MX,mexico,mx.svg,public/assets/manifestwave/flags/mexico.svg,copied,Mexico.jpg,public/assets/manifestwave/maps/mexico.jpg,copied_unverified_text_cleanup_needed,Originals preserved. Clean/review copied map for embedded text before final use.
Micronesia,FM,micronesia,fm.svg,public/assets/manifestwave/flags/micronesia.svg,copied,,,missing,Map outline missing; use placeholder until sourced.
Moldova,MD,moldova,md.svg,public/assets/manifestwave/flags/moldova.svg,copied,,,missing,Map outline missing; use placeholder until sourced.
Monaco,MC,monaco,mc.svg,public/assets/manifestwave/flags/monaco.svg,copied,Monaco.jpg,public/assets/manifestwave/maps/monaco.jpg,copied_unverified_text_cleanup_needed,Originals preserved. Clean/review copied map for embedded text before final use.
Mongolia,MN,mongolia,mn.svg,public/assets/manifestwave/flags/mongolia.svg,copied,Mongolia.jpg,public/assets/manifestwave/maps/mongolia.jpg,copied_unverified_text_cleanup_needed,Originals preserved. Clean/review copied map for embedded text before final use.
Montenegro,ME,montenegro,me.svg,public/assets/manifestwave/flags/montenegro.svg,copied,Montenegro.jpg,public/assets/manifestwave/maps/montenegro.jpg,copied_unverified_text_cleanup_needed,Originals preserved. Clean/review copied map for embedded text before final use.
Montserrat,MS,montserrat,ms.svg,public/assets/manifestwave/flags/montserrat.svg,copied,,,missing,Map outline missing; use placeholder until sourced.
Morocco,MA,morocco,ma.svg,public/assets/manifestwave/flags/morocco.svg,copied,Morocco.jpg,public/assets/manifestwave/maps/morocco.jpg,copied_unverified_text_cleanup_needed,Originals preserved. Clean/review copied map for embedded text before final use.
Mozambique,MZ,mozambique,mz.svg,public/assets/manifestwave/flags/mozambique.svg,copied,Mozambique.jpg,public/assets/manifestwave/maps/mozambique.jpg,copied_unverified_text_cleanup_needed,Originals preserved. Clean/review copied map for embedded text before final use.
Myanmar,MM,myanmar,mm.svg,public/assets/manifestwave/flags/myanmar.svg,copied,Myanmar.jpg,public/assets/manifestwave/maps/myanmar.jpg,copied_unverified_text_cleanup_needed,Originals preserved. Clean/review copied map for embedded text before final use.
Namibia,NA,namibia,na.svg,public/assets/manifestwave/flags/namibia.svg,copied,Namibia.jpg,public/assets/manifestwave/maps/namibia.jpg,copied_unverified_text_cleanup_needed,Originals preserved. Clean/review copied map for embedded text before final use.
Nauru,NR,nauru,nr.svg,public/assets/manifestwave/flags/nauru.svg,copied,Nauru.jpg,public/assets/manifestwave/maps/nauru.jpg,copied_unverified_text_cleanup_needed,Originals preserved. Clean/review copied map for embedded text before final use.
Nepal,NP,nepal,np.svg,public/assets/manifestwave/flags/nepal.svg,copied,Nepal.jpg,public/assets/manifestwave/maps/nepal.jpg,copied_unverified_text_cleanup_needed,Originals preserved. Clean/review copied map for embedded text before final use.
Netherlands,NL,netherlands,nl.svg,public/assets/manifestwave/flags/netherlands.svg,copied,,,missing,Map outline missing; use placeholder until sourced.
New Caledonia,NC,new-caledonia,nc.svg,public/assets/manifestwave/flags/new-caledonia.svg,copied,,,missing,Map outline missing; use placeholder until sourced.
New Zealand,NZ,new-zealand,nz.svg,public/assets/manifestwave/flags/new-zealand.svg,copied,Newzealand.jpg,public/assets/manifestwave/maps/new-zealand.jpg,copied_unverified_text_cleanup_needed,Originals preserved. Clean/review copied map for embedded text before final use.
Nicaragua,NI,nicaragua,ni.svg,public/assets/manifestwave/flags/nicaragua.svg,copied,Nicaragua.jpg,public/assets/manifestwave/maps/nicaragua.jpg,copied_unverified_text_cleanup_needed,Originals preserved. Clean/review copied map for embedded text before final use.
Niger,NE,niger,ne.svg,public/assets/manifestwave/flags/niger.svg,copied,Niger.jpg,public/assets/manifestwave/maps/niger.jpg,copied_unverified_text_cleanup_needed,Originals preserved. Clean/review copied map for embedded text before final use.
Nigeria,NG,nigeria,ng.svg,public/assets/manifestwave/flags/nigeria.svg,copied,Nigeria.jpg,public/assets/manifestwave/maps/nigeria.jpg,copied_unverified_text_cleanup_needed,Originals preserved. Clean/review copied map for embedded text before final use.
Niue,NU,niue,nu.svg,public/assets/manifestwave/flags/niue.svg,copied,,,missing,Map outline missing; use placeholder until sourced.
Norfolk Island,NF,norfolk-island,nf.svg,public/assets/manifestwave/flags/norfolk-island.svg,copied,,,missing,Map outline missing; use placeholder until sourced.
North Korea,KP,north-korea,kp.svg,public/assets/manifestwave/flags/north-korea.svg,copied,,,missing,Map outline missing; use placeholder until sourced.
North Macedonia,MK,north-macedonia,mk.svg,public/assets/manifestwave/flags/north-macedonia.svg,copied,,,missing,Map outline missing; use placeholder until sourced.
Northern Mariana Islands,MP,northern-mariana-islands,mp.svg,public/assets/manifestwave/flags/northern-mariana-islands.svg,copied,,,missing,Map outline missing; use placeholder until sourced.
Norway,NO,norway,no.svg,public/assets/manifestwave/flags/norway.svg,copied,Norway.jpg,public/assets/manifestwave/maps/norway.jpg,copied_unverified_text_cleanup_needed,Originals preserved. Clean/review copied map for embedded text before final use.
Oman,OM,oman,om.svg,public/assets/manifestwave/flags/oman.svg,copied,Oman.jpg,public/assets/manifestwave/maps/oman.jpg,copied_unverified_text_cleanup_needed,Originals preserved. Clean/review copied map for embedded text before final use.
Pakistan,PK,pakistan,pk.svg,public/assets/manifestwave/flags/pakistan.svg,copied,Pakistan.jpg,public/assets/manifestwave/maps/pakistan.jpg,copied_unverified_text_cleanup_needed,Originals preserved. Clean/review copied map for embedded text before final use.
Palau,PW,palau,pw.svg,public/assets/manifestwave/flags/palau.svg,copied,Palau.jpg,public/assets/manifestwave/maps/palau.jpg,copied_unverified_text_cleanup_needed,Originals preserved. Clean/review copied map for embedded text before final use.
Palestine,PS,palestine,ps.svg,public/assets/manifestwave/flags/palestine.svg,copied,,,missing,Map outline missing; use placeholder until sourced.
Panama,PA,panama,pa.svg,public/assets/manifestwave/flags/panama.svg,copied,Panama.jpg,public/assets/manifestwave/maps/panama.jpg,copied_unverified_text_cleanup_needed,Originals preserved. Clean/review copied map for embedded text before final use.
Papua New Guinea,PG,papua-new-guinea,pg.svg,public/assets/manifestwave/flags/papua-new-guinea.svg,copied,Papuanewguinea.jpg,public/assets/manifestwave/maps/papua-new-guinea.jpg,copied_unverified_text_cleanup_needed,Originals preserved. Clean/review copied map for embedded text before final use.
Paraguay,PY,paraguay,py.svg,public/assets/manifestwave/flags/paraguay.svg,copied,Paraguay.jpg,public/assets/manifestwave/maps/paraguay.jpg,copied_unverified_text_cleanup_needed,Originals preserved. Clean/review copied map for embedded text before final use.
Peru,PE,peru,pe.svg,public/assets/manifestwave/flags/peru.svg,copied,Peru.jpg,public/assets/manifestwave/maps/peru.jpg,copied_unverified_text_cleanup_needed,Originals preserved. Clean/review copied map for embedded text before final use.
Philippines,PH,philippines,ph.svg,public/assets/manifestwave/flags/philippines.svg,copied,Philippines.jpg,public/assets/manifestwave/maps/philippines.jpg,copied_unverified_text_cleanup_needed,Originals preserved. Clean/review copied map for embedded text before final use.
Pitcairn,PN,pitcairn,pn.svg,public/assets/manifestwave/flags/pitcairn.svg,copied,,,missing,Map outline missing; use placeholder until sourced.
Poland,PL,poland,pl.svg,public/assets/manifestwave/flags/poland.svg,copied,Poland.jpg,public/assets/manifestwave/maps/poland.jpg,copied_unverified_text_cleanup_needed,Originals preserved. Clean/review copied map for embedded text before final use.
Portugal,PT,portugal,pt.svg,public/assets/manifestwave/flags/portugal.svg,copied,Portugal.jpg,public/assets/manifestwave/maps/portugal.jpg,copied_unverified_text_cleanup_needed,Originals preserved. Clean/review copied map for embedded text before final use.
Puerto Rico,PR,puerto-rico,pr.svg,public/assets/manifestwave/flags/puerto-rico.svg,copied,,,missing,Map outline missing; use placeholder until sourced.
Qatar,QA,qatar,qa.svg,public/assets/manifestwave/flags/qatar.svg,copied,Qatar.jpg,public/assets/manifestwave/maps/qatar.jpg,copied_unverified_text_cleanup_needed,Originals preserved. Clean/review copied map for embedded text before final use.
Republic of the Congo,CG,republic-of-the-congo,cg.svg,public/assets/manifestwave/flags/republic-of-the-congo.svg,copied,RepublicoftheCongo.jpg,public/assets/manifestwave/maps/republic-of-the-congo.jpg,copied_unverified_text_cleanup_needed,Originals preserved. Clean/review copied map for embedded text before final use.
Reunion,RE,reunion,re.svg,public/assets/manifestwave/flags/reunion.svg,copied,,,missing,Map outline missing; use placeholder until sourced.
Romania,RO,romania,ro.svg,public/assets/manifestwave/flags/romania.svg,copied,,,missing,Map outline missing; use placeholder until sourced.
Russia,RU,russia,ru.svg,public/assets/manifestwave/flags/russia.svg,copied,,,missing,Map outline missing; use placeholder until sourced.
Rwanda,RW,rwanda,rw.svg,public/assets/manifestwave/flags/rwanda.svg,copied,,,missing,Map outline missing; use placeholder until sourced.
Saint Barthelemy,BL,saint-barthelemy,bl.svg,public/assets/manifestwave/flags/saint-barthelemy.svg,copied,,,missing,Map outline missing; use placeholder until sourced.
"Saint Helena, Ascension and Tristan da Cunha",SH,saint-helena-ascension-and-tristan-da-cunha,sh.svg,public/assets/manifestwave/flags/saint-helena-ascension-and-tristan-da-cunha.svg,copied,,,missing,Map outline missing; use placeholder until sourced.
Saint Kitts and Nevis,KN,saint-kitts-and-nevis,kn.svg,public/assets/manifestwave/flags/saint-kitts-and-nevis.svg,copied,,,missing,Map outline missing; use placeholder until sourced.
Saint Lucia,LC,saint-lucia,lc.svg,public/assets/manifestwave/flags/saint-lucia.svg,copied,,,missing,Map outline missing; use placeholder until sourced.
Saint Martin,MF,saint-martin,mf.svg,public/assets/manifestwave/flags/saint-martin.svg,copied,,,missing,Map outline missing; use placeholder until sourced.
Saint Pierre and Miquelon,PM,saint-pierre-and-miquelon,pm.svg,public/assets/manifestwave/flags/saint-pierre-and-miquelon.svg,copied,,,missing,Map outline missing; use placeholder until sourced.
Saint Vincent and the Grenadines,VC,saint-vincent-and-the-grenadines,vc.svg,public/assets/manifestwave/flags/saint-vincent-and-the-grenadines.svg,copied,,,missing,Map outline missing; use placeholder until sourced.
Samoa,WS,samoa,ws.svg,public/assets/manifestwave/flags/samoa.svg,copied,,,missing,Map outline missing; use placeholder until sourced.
San Marino,SM,san-marino,sm.svg,public/assets/manifestwave/flags/san-marino.svg,copied,,,missing,Map outline missing; use placeholder until sourced.
Sao Tome and Principe,ST,sao-tome-and-principe,st.svg,public/assets/manifestwave/flags/sao-tome-and-principe.svg,copied,,,missing,Map outline missing; use placeholder until sourced.
Saudi Arabia,SA,saudi-arabia,sa.svg,public/assets/manifestwave/flags/saudi-arabia.svg,copied,,,missing,Map outline missing; use placeholder until sourced.
Senegal,SN,senegal,sn.svg,public/assets/manifestwave/flags/senegal.svg,copied,,,missing,Map outline missing; use placeholder until sourced.
Serbia,RS,serbia,rs.svg,public/assets/manifestwave/flags/serbia.svg,copied,,,missing,Map outline missing; use placeholder until sourced.
Seychelles,SC,seychelles,sc.svg,public/assets/manifestwave/flags/seychelles.svg,copied,,,missing,Map outline missing; use placeholder until sourced.
Sierra Leone,SL,sierra-leone,sl.svg,public/assets/manifestwave/flags/sierra-leone.svg,copied,SierraLeone.jpg,public/assets/manifestwave/maps/sierra-leone.jpg,copied_unverified_text_cleanup_needed,Originals preserved. Clean/review copied map for embedded text before final use.
Singapore,SG,singapore,sg.svg,public/assets/manifestwave/flags/singapore.svg,copied,Singapore.jpg,public/assets/manifestwave/maps/singapore.jpg,copied_unverified_text_cleanup_needed,Originals preserved. Clean/review copied map for embedded text before final use.
Sint Maarten (Dutch part),SX,sint-maarten-dutch-part,sx.svg,public/assets/manifestwave/flags/sint-maarten-dutch-part.svg,copied,,,missing,Map outline missing; use placeholder until sourced.
Slovakia,SK,slovakia,sk.svg,public/assets/manifestwave/flags/slovakia.svg,copied,Slovakia.jpg,public/assets/manifestwave/maps/slovakia.jpg,copied_unverified_text_cleanup_needed,Originals preserved. Clean/review copied map for embedded text before final use.
Slovenia,SI,slovenia,si.svg,public/assets/manifestwave/flags/slovenia.svg,copied,Slovenia.jpg,public/assets/manifestwave/maps/slovenia.jpg,copied_unverified_text_cleanup_needed,Originals preserved. Clean/review copied map for embedded text before final use.
Solomon Islands,SB,solomon-islands,sb.svg,public/assets/manifestwave/flags/solomon-islands.svg,copied,SolomonIslands.jpg,public/assets/manifestwave/maps/solomon-islands.jpg,copied_unverified_text_cleanup_needed,Originals preserved. Clean/review copied map for embedded text before final use.
Somalia,SO,somalia,so.svg,public/assets/manifestwave/flags/somalia.svg,copied,Somalia.jpg,public/assets/manifestwave/maps/somalia.jpg,copied_unverified_text_cleanup_needed,Originals preserved. Clean/review copied map for embedded text before final use.
South Africa,ZA,south-africa,za.svg,public/assets/manifestwave/flags/south-africa.svg,copied,SouthAfrica.jpg,public/assets/manifestwave/maps/south-africa.jpg,copied_unverified_text_cleanup_needed,Originals preserved. Clean/review copied map for embedded text before final use.
South Georgia and the South Sandwich Islands,GS,south-georgia-and-the-south-sandwich-islands,gs.svg,public/assets/manifestwave/flags/south-georgia-and-the-south-sandwich-islands.svg,copied,,,missing,Map outline missing; use placeholder until sourced.
South Korea,KR,south-korea,kr.svg,public/assets/manifestwave/flags/south-korea.svg,copied,,,missing,Map outline missing; use placeholder until sourced.
South Sudan,SS,south-sudan,ss.svg,public/assets/manifestwave/flags/south-sudan.svg,copied,Southsudan.jpg,public/assets/manifestwave/maps/south-sudan.jpg,copied_unverified_text_cleanup_needed,Originals preserved. Clean/review copied map for embedded text before final use.
Spain,ES,spain,es.svg,public/assets/manifestwave/flags/spain.svg,copied,Spain.jpg,public/assets/manifestwave/maps/spain.jpg,copied_unverified_text_cleanup_needed,Originals preserved. Clean/review copied map for embedded text before final use.
Sri Lanka,LK,sri-lanka,lk.svg,public/assets/manifestwave/flags/sri-lanka.svg,copied,SriLanka.jpg,public/assets/manifestwave/maps/sri-lanka.jpg,copied_unverified_text_cleanup_needed,Originals preserved. Clean/review copied map for embedded text before final use.
Sudan,SD,sudan,sd.svg,public/assets/manifestwave/flags/sudan.svg,copied,Sudan(1).jpg,public/assets/manifestwave/maps/sudan.jpg,copied_unverified_text_cleanup_needed,Originals preserved. Clean/review copied map for embedded text before final use.
Suriname,SR,suriname,sr.svg,public/assets/manifestwave/flags/suriname.svg,copied,Suriname.jpg,public/assets/manifestwave/maps/suriname.jpg,copied_unverified_text_cleanup_needed,Originals preserved. Clean/review copied map for embedded text before final use.
Svalbard and Jan Mayen,SJ,svalbard-and-jan-mayen,sj.svg,public/assets/manifestwave/flags/svalbard-and-jan-mayen.svg,copied,,,missing,Map outline missing; use placeholder until sourced.
Sweden,SE,sweden,se.svg,public/assets/manifestwave/flags/sweden.svg,copied,Sweden.jpg,public/assets/manifestwave/maps/sweden.jpg,copied_unverified_text_cleanup_needed,Originals preserved. Clean/review copied map for embedded text before final use.
Switzerland,CH,switzerland,ch.svg,public/assets/manifestwave/flags/switzerland.svg,copied,Switzerland.jpg,public/assets/manifestwave/maps/switzerland.jpg,copied_unverified_text_cleanup_needed,Originals preserved. Clean/review copied map for embedded text before final use.
Syria,SY,syria,sy.svg,public/assets/manifestwave/flags/syria.svg,copied,Syria.jpg,public/assets/manifestwave/maps/syria.jpg,copied_unverified_text_cleanup_needed,Originals preserved. Clean/review copied map for embedded text before final use.
Taiwan,TW,taiwan,tw.svg,public/assets/manifestwave/flags/taiwan.svg,copied,,,missing,Map outline missing; use placeholder until sourced.
Tajikistan,TJ,tajikistan,tj.svg,public/assets/manifestwave/flags/tajikistan.svg,copied,Tajikistan.jpg,public/assets/manifestwave/maps/tajikistan.jpg,copied_unverified_text_cleanup_needed,Originals preserved. Clean/review copied map for embedded text before final use.
Tanzania,TZ,tanzania,tz.svg,public/assets/manifestwave/flags/tanzania.svg,copied,Tanzania.jpg,public/assets/manifestwave/maps/tanzania.jpg,copied_unverified_text_cleanup_needed,Originals preserved. Clean/review copied map for embedded text before final use.
Thailand,TH,thailand,th.svg,public/assets/manifestwave/flags/thailand.svg,copied,Thailand.jpg,public/assets/manifestwave/maps/thailand.jpg,copied_unverified_text_cleanup_needed,Originals preserved. Clean/review copied map for embedded text before final use.
Timor-Leste,TL,timor-leste,tl.svg,public/assets/manifestwave/flags/timor-leste.svg,copied,,,missing,Map outline missing; use placeholder until sourced.
Togo,TG,togo,tg.svg,public/assets/manifestwave/flags/togo.svg,copied,Togo.jpg,public/assets/manifestwave/maps/togo.jpg,copied_unverified_text_cleanup_needed,Originals preserved. Clean/review copied map for embedded text before final use.
Tokelau,TK,tokelau,tk.svg,public/assets/manifestwave/flags/tokelau.svg,copied,Tokelau.jpg,public/assets/manifestwave/maps/tokelau.jpg,copied_unverified_text_cleanup_needed,Originals preserved. Clean/review copied map for embedded text before final use.
Tonga,TO,tonga,to.svg,public/assets/manifestwave/flags/tonga.svg,copied,Tonga.jpg,public/assets/manifestwave/maps/tonga.jpg,copied_unverified_text_cleanup_needed,Originals preserved. Clean/review copied map for embedded text before final use.
Trinidad and Tobago,TT,trinidad-and-tobago,tt.svg,public/assets/manifestwave/flags/trinidad-and-tobago.svg,copied,TrinidadandTobago.jpg,public/assets/manifestwave/maps/trinidad-and-tobago.jpg,copied_unverified_text_cleanup_needed,Originals preserved. Clean/review copied map for embedded text before final use.
Tunisia,TN,tunisia,tn.svg,public/assets/manifestwave/flags/tunisia.svg,copied,Tunisia.jpg,public/assets/manifestwave/maps/tunisia.jpg,copied_unverified_text_cleanup_needed,Originals preserved. Clean/review copied map for embedded text before final use.
Turkey,TR,turkey,tr.svg,public/assets/manifestwave/flags/turkey.svg,copied,,,missing,Map outline missing; use placeholder until sourced.
Turkmenistan,TM,turkmenistan,tm.svg,public/assets/manifestwave/flags/turkmenistan.svg,copied,Turkmenistan.jpg,public/assets/manifestwave/maps/turkmenistan.jpg,copied_unverified_text_cleanup_needed,Originals preserved. Clean/review copied map for embedded text before final use.
Turks and Caicos Islands,TC,turks-and-caicos-islands,tc.svg,public/assets/manifestwave/flags/turks-and-caicos-islands.svg,copied,TurksandCaicosIslands.jpg,public/assets/manifestwave/maps/turks-and-caicos-islands.jpg,copied_unverified_text_cleanup_needed,Originals preserved. Clean/review copied map for embedded text before final use.
Tuvalu,TV,tuvalu,tv.svg,public/assets/manifestwave/flags/tuvalu.svg,copied,Tuvalu.jpg,public/assets/manifestwave/maps/tuvalu.jpg,copied_unverified_text_cleanup_needed,Originals preserved. Clean/review copied map for embedded text before final use.
U.S. Virgin Islands,VI,u-s-virgin-islands,vi.svg,public/assets/manifestwave/flags/u-s-virgin-islands.svg,copied,VirginIslands.jpg,public/assets/manifestwave/maps/u-s-virgin-islands.jpg,copied_unverified_text_cleanup_needed,Originals preserved. Clean/review copied map for embedded text before final use.
Uganda,UG,uganda,ug.svg,public/assets/manifestwave/flags/uganda.svg,copied,Uganda.jpg,public/assets/manifestwave/maps/uganda.jpg,copied_unverified_text_cleanup_needed,Originals preserved. Clean/review copied map for embedded text before final use.
Ukraine,UA,ukraine,ua.svg,public/assets/manifestwave/flags/ukraine.svg,copied,Ukraine.jpg,public/assets/manifestwave/maps/ukraine.jpg,copied_unverified_text_cleanup_needed,Originals preserved. Clean/review copied map for embedded text before final use.
United Arab Emirates,AE,united-arab-emirates,ae.svg,public/assets/manifestwave/flags/united-arab-emirates.svg,copied,UnitedArabEmirates.jpg,public/assets/manifestwave/maps/united-arab-emirates.jpg,copied_unverified_text_cleanup_needed,Originals preserved. Clean/review copied map for embedded text before final use.
United Kingdom,GB,united-kingdom,gb.svg,public/assets/manifestwave/flags/united-kingdom.svg,copied,UnitedKingdom.jpg,public/assets/manifestwave/maps/united-kingdom.jpg,copied_unverified_text_cleanup_needed,Originals preserved. Clean/review copied map for embedded text before final use.
United States,US,united-states,us.svg,public/assets/manifestwave/flags/united-states.svg,copied,UnitedStates.jpg,public/assets/manifestwave/maps/united-states.jpg,copied_unverified_text_cleanup_needed,Originals preserved. Clean/review copied map for embedded text before final use.
United States Minor Outlying Islands,UM,united-states-minor-outlying-islands,um.svg,public/assets/manifestwave/flags/united-states-minor-outlying-islands.svg,copied,,,missing,Map outline missing; use placeholder until sourced.
Uruguay,UY,uruguay,uy.svg,public/assets/manifestwave/flags/uruguay.svg,copied,Uruguay.jpg,public/assets/manifestwave/maps/uruguay.jpg,copied_unverified_text_cleanup_needed,Originals preserved. Clean/review copied map for embedded text before final use.
Uzbekistan,UZ,uzbekistan,uz.svg,public/assets/manifestwave/flags/uzbekistan.svg,copied,Uzbekistan.jpg,public/assets/manifestwave/maps/uzbekistan.jpg,copied_unverified_text_cleanup_needed,Originals preserved. Clean/review copied map for embedded text before final use.
Vanuatu,VU,vanuatu,vu.svg,public/assets/manifestwave/flags/vanuatu.svg,copied,Vanuatu.jpg,public/assets/manifestwave/maps/vanuatu.jpg,copied_unverified_text_cleanup_needed,Originals preserved. Clean/review copied map for embedded text before final use.
Venezuela,VE,venezuela,ve.svg,public/assets/manifestwave/flags/venezuela.svg,copied,,,missing,Map outline missing; use placeholder until sourced.
Vietnam,VN,vietnam,vn.svg,public/assets/manifestwave/flags/vietnam.svg,copied,Vietnam.jpg,public/assets/manifestwave/maps/vietnam.jpg,copied_unverified_text_cleanup_needed,Originals preserved. Clean/review copied map for embedded text before final use.
Wallis and Futuna,WF,wallis-and-futuna,wf.svg,public/assets/manifestwave/flags/wallis-and-futuna.svg,copied,WallisandFutunaIslands.jpg,public/assets/manifestwave/maps/wallis-and-futuna.jpg,copied_unverified_text_cleanup_needed,Originals preserved. Clean/review copied map for embedded text before final use.
Western Sahara,EH,western-sahara,eh.svg,public/assets/manifestwave/flags/western-sahara.svg,copied,WesternSahara.jpg,public/assets/manifestwave/maps/western-sahara.jpg,copied_unverified_text_cleanup_needed,Originals preserved. Clean/review copied map for embedded text before final use.
Yemen,YE,yemen,ye.svg,public/assets/manifestwave/flags/yemen.svg,copied,Yemen.jpg,public/assets/manifestwave/maps/yemen.jpg,copied_unverified_text_cleanup_needed,Originals preserved. Clean/review copied map for embedded text before final use.
Zambia,ZM,zambia,zm.svg,public/assets/manifestwave/flags/zambia.svg,copied,Zambia.jpg,public/assets/manifestwave/maps/zambia.jpg,copied_unverified_text_cleanup_needed,Originals preserved. Clean/review copied map for embedded text before final use.
Zimbabwe,ZW,zimbabwe,zw.svg,public/assets/manifestwave/flags/zimbabwe.svg,copied,Zimbabwe.jpg,public/assets/manifestwave/maps/zimbabwe.jpg,copied_unverified_text_cleanup_needed,Originals preserved. Clean/review copied map for embedded text before final use.
Åland Islands,AX,aland-islands,ax.svg,public/assets/manifestwave/flags/aland-islands.svg,copied,,,missing,Map outline missing; use placeholder until sourced.
