manifest_slot,slot_number,target_card_filename,display_name_clean,country_or_region,iso_alpha2,actual_offset_reference,assigned_symbolic_offset,fractional_offset,multi_slot_country,needs_manual_review,flag_source_file,map_outline_source_file,asset_slug_clean,display_detail,timezone_count_in_slot,notes
UTC-11,-11,utc-minus-11.png,American Samoa,American Samoa,AS,UTC-11:00,UTC-11,no,no,no,as.svg,Americansamoa.jpg,american-samoa,Midway,1,Midway
UTC-11,-11,utc-minus-11.png,Antarctica,Antarctica,AQ,UTC+13:00,UTC-11,no,yes,yes,aq.svg,Antarctica.jpg,antarctica,New Zealand time,1,actual rounded offset UTC+13 wraps to UTC-11 in 24-slot cycle; New Zealand time; country/region appears in multiple symbolic slots
UTC-11,-11,utc-minus-11.png,Kiribati,Kiribati,KI,UTC+13:00,UTC-11,no,yes,yes,ki.svg,Kiribati.jpg,kiribati,Phoenix Islands,1,actual rounded offset UTC+13 wraps to UTC-11 in 24-slot cycle; Phoenix Islands; country/region appears in multiple symbolic slots
UTC-11,-11,utc-minus-11.png,New Zealand,New Zealand,NZ,UTC+13:00,UTC-11,no,yes,yes,nz.svg,Newzealand.jpg,new-zealand,New Zealand time,1,actual rounded offset UTC+13 wraps to UTC-11 in 24-slot cycle; New Zealand time; country/region appears in multiple symbolic slots
UTC-11,-11,utc-minus-11.png,Niue,Niue,NU,UTC-11:00,UTC-11,no,no,yes,nu.svg,,niue,,1,
UTC-11,-11,utc-minus-11.png,Samoa,Samoa,WS,UTC+13:00,UTC-11,no,no,yes,ws.svg,,samoa,,1,actual rounded offset UTC+13 wraps to UTC-11 in 24-slot cycle
UTC-11,-11,utc-minus-11.png,Tokelau,Tokelau,TK,UTC+13:00,UTC-11,no,no,yes,tk.svg,Tokelau.jpg,tokelau,,1,actual rounded offset UTC+13 wraps to UTC-11 in 24-slot cycle
UTC-11,-11,utc-minus-11.png,Tonga,Tonga,TO,UTC+13:00,UTC-11,no,no,yes,to.svg,Tonga.jpg,tonga,,1,actual rounded offset UTC+13 wraps to UTC-11 in 24-slot cycle
UTC-11,-11,utc-minus-11.png,United States Minor Outlying Islands,United States Minor Outlying Islands,UM,UTC-11:00,UTC-11,no,yes,yes,um.svg,,united-states-minor-outlying-islands,Midway,1,Midway; country/region appears in multiple symbolic slots
UTC-10,-10,utc-minus-10.png,Cook Islands,Cook Islands,CK,UTC-10:00,UTC-10,no,no,no,ck.svg,CookIslands.jpg,cook-islands,,1,
UTC-10,-10,utc-minus-10.png,French Polynesia,French Polynesia,PF,UTC-09:30,UTC-10,yes,yes,yes,pf.svg,FrenchPolynesia.jpg,french-polynesia,Marquesas Islands; Society Islands,2,fractional actual UTC offset; assigned to nearest symbolic hourly slot; Marquesas Islands; country/region appears in multiple symbolic slots
UTC-10,-10,utc-minus-10.png,Kiribati,Kiribati,KI,UTC+14:00,UTC-10,no,yes,yes,ki.svg,Kiribati.jpg,kiribati,Line Islands,1,actual rounded offset UTC+14 wraps to UTC-10 in 24-slot cycle; Line Islands; country/region appears in multiple symbolic slots
UTC-10,-10,utc-minus-10.png,New Zealand,New Zealand,NZ,UTC+13:45,UTC-10,yes,yes,yes,nz.svg,Newzealand.jpg,new-zealand,Chatham Islands,1,fractional actual UTC offset; assigned to nearest symbolic hourly slot; actual rounded offset UTC+14 wraps to UTC-10 in 24-slot cycle; Chatham Islands; country/region appears in multiple symbolic slots
UTC-10,-10,utc-minus-10.png,United States,United States,US,UTC-10:00,UTC-10,no,yes,yes,us.svg,UnitedStates.jpg,united-states,Hawaii; Alaska — western Aleutians,2,Alaska - western Aleutians; country/region appears in multiple symbolic slots
UTC-9,-9,utc-minus-09.png,French Polynesia,French Polynesia,PF,UTC-09:00,UTC-9,no,yes,yes,pf.svg,FrenchPolynesia.jpg,french-polynesia,Gambier Islands,1,Gambier Islands; country/region appears in multiple symbolic slots
UTC-9,-9,utc-minus-09.png,United States,United States,US,UTC-09:00,UTC-9,no,yes,yes,us.svg,UnitedStates.jpg,united-states,"Alaska — most areas, Juneau, Nome, Sitka, Yakutat",6,Alaska (most areas); country/region appears in multiple symbolic slots
UTC-8,-8,utc-minus-08.png,Canada,Canada,CA,UTC-08:00,UTC-8,no,yes,yes,ca.svg,Canada.jpg,canada,MST - BC (most areas),1,MST - BC (most areas); country/region appears in multiple symbolic slots
UTC-8,-8,utc-minus-08.png,Mexico,Mexico,MX,UTC-08:00,UTC-8,no,yes,yes,mx.svg,Mexico.jpg,mexico,Baja California,1,Baja California; country/region appears in multiple symbolic slots
UTC-8,-8,utc-minus-08.png,Pitcairn,Pitcairn,PN,UTC-08:00,UTC-8,no,no,yes,pn.svg,,pitcairn,,1,
UTC-8,-8,utc-minus-08.png,United States,United States,US,UTC-08:00,UTC-8,no,yes,yes,us.svg,UnitedStates.jpg,united-states,"Pacific — California, Nevada, Washington, Oregon, Idaho panhandle",1,Pacific; country/region appears in multiple symbolic slots
UTC-7,-7,utc-minus-07.png,Canada,Canada,CA,UTC-07:00,UTC-7,no,yes,yes,ca.svg,Canada.jpg,canada,"Mountain - NU (west); MST - Yukon (west); MST - BC (Dawson Cr, Ft St John); CST - AB, BC(E), NT(E), SK(W); MST - BC (Ft Nelson); Mountain - NT (west); MST - AZ (most areas), Creston BC; MST - Yukon (east)",8,Mountain - NU (west); country/region appears in multiple symbolic slots
UTC-7,-7,utc-minus-07.png,Mexico,Mexico,MX,UTC-07:00,UTC-7,no,yes,yes,mx.svg,Mexico.jpg,mexico,"Chihuahua (US border - west); Sonora; Baja California Sur, Nayarit (most areas), Sinaloa",3,Chihuahua (US border - west); country/region appears in multiple symbolic slots
UTC-7,-7,utc-minus-07.png,United States,United States,US,UTC-07:00,UTC-7,no,yes,yes,us.svg,UnitedStates.jpg,united-states,"Mountain — Arizona, Colorado, Montana, New Mexico, Utah, Wyoming; parts of Idaho, Oregon, North Dakota, Nebraska, Kansas, Texas",3,"Mountain - ID (south), OR (east); country/region appears in multiple symbolic slots"
UTC-6,-6,utc-minus-06.png,Belize,Belize,BZ,UTC-06:00,UTC-6,no,no,yes,bz.svg,,belize,,1,
UTC-6,-6,utc-minus-06.png,Canada,Canada,CA,UTC-06:00,UTC-6,no,yes,yes,ca.svg,Canada.jpg,canada,"Central - NU (central); CST - SK (most areas); Central - NU (Resolute); CST - SK (midwest); Central - ON (west), Manitoba",5,Central - NU (central); country/region appears in multiple symbolic slots
UTC-6,-6,utc-minus-06.png,Costa Rica,Costa Rica,CR,UTC-06:00,UTC-6,no,no,no,cr.svg,CostaRica.jpg,costa-rica,,1,
UTC-6,-6,utc-minus-06.png,Ecuador,Ecuador,EC,UTC-06:00,UTC-6,no,yes,yes,ec.svg,Ecuador.jpg,ecuador,Galápagos Islands,1,Galápagos Islands; country/region appears in multiple symbolic slots
UTC-6,-6,utc-minus-06.png,El Salvador,El Salvador,SV,UTC-06:00,UTC-6,no,no,no,sv.svg,ElSalvador.jpg,el-salvador,,1,
UTC-6,-6,utc-minus-06.png,Guatemala,Guatemala,GT,UTC-06:00,UTC-6,no,no,no,gt.svg,Guatemala.jpg,guatemala,,1,
UTC-6,-6,utc-minus-06.png,Honduras,Honduras,HN,UTC-06:00,UTC-6,no,no,no,hn.svg,Honduras.jpg,honduras,,1,
UTC-6,-6,utc-minus-06.png,Mexico,Mexico,MX,UTC-06:00,UTC-6,no,yes,yes,mx.svg,Mexico.jpg,mexico,"Bahía de Banderas; Chihuahua (most areas); Coahuila, Nuevo León, Tamaulipas (US border); Campeche, Yucatán; Central Mexico; Durango; Coahuila, Nuevo León, Tamaulipas (most areas); Chihuahua (US border - east)",7,Bahía de Banderas; country/region appears in multiple symbolic slots
UTC-6,-6,utc-minus-06.png,Nicaragua,Nicaragua,NI,UTC-06:00,UTC-6,no,no,no,ni.svg,Nicaragua.jpg,nicaragua,,1,
UTC-6,-6,utc-minus-06.png,United States,United States,US,UTC-06:00,UTC-6,no,yes,yes,us.svg,UnitedStates.jpg,united-states,"Central — Alabama, Arkansas, Illinois, Iowa, Louisiana, Minnesota, Mississippi, Missouri, Oklahoma, Wisconsin, most Texas; parts of Florida, Indiana, Kansas, Kentucky, Michigan, Nebraska, North Dakota, South Dakota, Tennessee",7,Central (most areas); country/region appears in multiple symbolic slots
UTC-5,-5,utc-minus-05.png,Bahamas,Bahamas,BS,UTC-05:00,UTC-5,no,no,yes,bs.svg,,bahamas,Eastern - ON & QC (most areas),1,Eastern - ON & QC (most areas)
UTC-5,-5,utc-minus-05.png,Brazil,Brazil,BR,UTC-05:00,UTC-5,no,yes,yes,br.svg,Brazil.jpg,brazil,Amazonas (west); Acre,2,Amazonas (west); country/region appears in multiple symbolic slots
UTC-5,-5,utc-minus-05.png,Canada,Canada,CA,UTC-05:00,UTC-5,no,yes,yes,ca.svg,Canada.jpg,canada,"Eastern - NU (most areas); EST - ON (Atikokan), NU (Coral H); Eastern - ON & QC (most areas)",3,Eastern - NU (most areas); country/region appears in multiple symbolic slots
UTC-5,-5,utc-minus-05.png,Cayman Islands,Cayman Islands,KY,UTC-05:00,UTC-5,no,no,no,ky.svg,CaymanIslands.jpg,cayman-islands,"EST - ON (Atikokan), NU (Coral H)",1,"EST - ON (Atikokan), NU (Coral H)"
UTC-5,-5,utc-minus-05.png,Chile,Chile,CL,UTC-05:00,UTC-5,no,yes,yes,cl.svg,Chile.jpg,chile,Easter Island,1,Easter Island; country/region appears in multiple symbolic slots
UTC-5,-5,utc-minus-05.png,Colombia,Colombia,CO,UTC-05:00,UTC-5,no,no,no,co.svg,Colombia.jpg,colombia,,1,
UTC-5,-5,utc-minus-05.png,Cuba,Cuba,CU,UTC-05:00,UTC-5,no,no,no,cu.svg,Cuba.jpg,cuba,,1,
UTC-5,-5,utc-minus-05.png,Ecuador,Ecuador,EC,UTC-05:00,UTC-5,no,yes,yes,ec.svg,Ecuador.jpg,ecuador,Ecuador (mainland),1,Ecuador (mainland); country/region appears in multiple symbolic slots
UTC-5,-5,utc-minus-05.png,Haiti,Haiti,HT,UTC-05:00,UTC-5,no,no,no,ht.svg,Haiti.jpg,haiti,,1,
UTC-5,-5,utc-minus-05.png,Jamaica,Jamaica,JM,UTC-05:00,UTC-5,no,no,no,jm.svg,Jamaica.jpg,jamaica,,1,
UTC-5,-5,utc-minus-05.png,Mexico,Mexico,MX,UTC-05:00,UTC-5,no,yes,yes,mx.svg,Mexico.jpg,mexico,Quintana Roo,1,Quintana Roo; country/region appears in multiple symbolic slots
UTC-5,-5,utc-minus-05.png,Panama,Panama,PA,UTC-05:00,UTC-5,no,no,no,pa.svg,Panama.jpg,panama,"EST - ON (Atikokan), NU (Coral H)",1,"EST - ON (Atikokan), NU (Coral H)"
UTC-5,-5,utc-minus-05.png,Peru,Peru,PE,UTC-05:00,UTC-5,no,no,no,pe.svg,Peru.jpg,peru,,1,
UTC-5,-5,utc-minus-05.png,Turks and Caicos Islands,Turks and Caicos Islands,TC,UTC-05:00,UTC-5,no,no,no,tc.svg,TurksandCaicosIslands.jpg,turks-and-caicos-islands,,1,
UTC-5,-5,utc-minus-05.png,United States,United States,US,UTC-05:00,UTC-5,no,yes,yes,us.svg,UnitedStates.jpg,united-states,"Eastern — CT, DC, DE, GA, ME, MD, MA, NH, NJ, NY, NC, OH, PA, RI, SC, VT, VA, WV; parts of Florida, Indiana, Kentucky, Michigan, Tennessee",10,Eastern - MI (most areas); country/region appears in multiple symbolic slots
UTC-4,-4,utc-minus-04.png,Anguilla,Anguilla,AI,UTC-04:00,UTC-4,no,no,no,ai.svg,Anguilla.jpg,anguilla,AST - QC (Lower North Shore),1,AST - QC (Lower North Shore)
UTC-4,-4,utc-minus-04.png,Antigua and Barbuda,Antigua and Barbuda,AG,UTC-04:00,UTC-4,no,no,no,ag.svg,AntiguaandBarbuda.jpg,antigua-and-barbuda,AST - QC (Lower North Shore),1,AST - QC (Lower North Shore)
UTC-4,-4,utc-minus-04.png,Aruba,Aruba,AW,UTC-04:00,UTC-4,no,no,no,aw.svg,Aruba.jpg,aruba,AST - QC (Lower North Shore),1,AST - QC (Lower North Shore)
UTC-4,-4,utc-minus-04.png,Barbados,Barbados,BB,UTC-04:00,UTC-4,no,no,no,bb.svg,Barbados.jpg,barbados,,1,
UTC-4,-4,utc-minus-04.png,Bermuda,Bermuda,BM,UTC-04:00,UTC-4,no,no,no,bm.svg,Bermuda.jpg,bermuda,,1,
UTC-4,-4,utc-minus-04.png,Bolivia,"Bolivia, Plurinational State of",BO,UTC-04:00,UTC-4,no,no,yes,bo.svg,,bolivia,,1,
UTC-4,-4,utc-minus-04.png,"Bonaire, Sint Eustatius and Saba","Bonaire, Sint Eustatius and Saba",BQ,UTC-04:00,UTC-4,no,no,yes,bq.svg,,bonaire-sint-eustatius-and-saba,AST - QC (Lower North Shore),1,AST - QC (Lower North Shore)
UTC-4,-4,utc-minus-04.png,Brazil,Brazil,BR,UTC-04:00,UTC-4,no,yes,yes,br.svg,Brazil.jpg,brazil,Roraima; Mato Grosso do Sul; Mato Grosso; Amazonas (east); Rondônia,5,Roraima; country/region appears in multiple symbolic slots
UTC-4,-4,utc-minus-04.png,British Virgin Islands,British Virgin Islands,VG,UTC-04:00,UTC-4,no,no,no,vg.svg,BritishVirginIslands.jpg,british-virgin-islands,AST - QC (Lower North Shore),1,AST - QC (Lower North Shore)
UTC-4,-4,utc-minus-04.png,Canada,Canada,CA,UTC-04:00,UTC-4,no,yes,yes,ca.svg,Canada.jpg,canada,"Atlantic - NS (Cape Breton); Atlantic - Labrador (most areas); Atlantic - NS (most areas), PE; Atlantic - New Brunswick; AST - QC (Lower North Shore); Newfoundland, Labrador (SE)",6,Atlantic - NS (Cape Breton); country/region appears in multiple symbolic slots
UTC-4,-4,utc-minus-04.png,Curacao,Curacao,CW,UTC-04:00,UTC-4,no,no,yes,cw.svg,,curacao,AST - QC (Lower North Shore),1,AST - QC (Lower North Shore)
UTC-4,-4,utc-minus-04.png,Dominica,Dominica,DM,UTC-04:00,UTC-4,no,no,no,dm.svg,Dominica.jpg,dominica,AST - QC (Lower North Shore),1,AST - QC (Lower North Shore)
UTC-4,-4,utc-minus-04.png,Dominican Republic,Dominican Republic,DO,UTC-04:00,UTC-4,no,no,no,do.svg,DominicanRepublic.jpg,dominican-republic,,1,
UTC-4,-4,utc-minus-04.png,Greenland,Greenland,GL,UTC-04:00,UTC-4,no,yes,yes,gl.svg,Greenland.jpg,greenland,Thule/Pituffik,1,Thule/Pituffik; country/region appears in multiple symbolic slots
UTC-4,-4,utc-minus-04.png,Grenada,Grenada,GD,UTC-04:00,UTC-4,no,no,no,gd.svg,Grenada.jpg,grenada,AST - QC (Lower North Shore),1,AST - QC (Lower North Shore)
UTC-4,-4,utc-minus-04.png,Guadeloupe,Guadeloupe,GP,UTC-04:00,UTC-4,no,no,no,gp.svg,Guadeloupe.jpg,guadeloupe,AST - QC (Lower North Shore),1,AST - QC (Lower North Shore)
UTC-4,-4,utc-minus-04.png,Guyana,Guyana,GY,UTC-04:00,UTC-4,no,no,no,gy.svg,Guyana.jpg,guyana,,1,
UTC-4,-4,utc-minus-04.png,Martinique,Martinique,MQ,UTC-04:00,UTC-4,no,no,yes,mq.svg,,martinique,,1,
UTC-4,-4,utc-minus-04.png,Montserrat,Montserrat,MS,UTC-04:00,UTC-4,no,no,yes,ms.svg,,montserrat,AST - QC (Lower North Shore),1,AST - QC (Lower North Shore)
UTC-4,-4,utc-minus-04.png,Puerto Rico,Puerto Rico,PR,UTC-04:00,UTC-4,no,no,yes,pr.svg,,puerto-rico,AST - QC (Lower North Shore),1,AST - QC (Lower North Shore)
UTC-4,-4,utc-minus-04.png,Saint Barthelemy,Saint Barthelemy,BL,UTC-04:00,UTC-4,no,no,yes,bl.svg,,saint-barthelemy,AST - QC (Lower North Shore),1,AST - QC (Lower North Shore)
UTC-4,-4,utc-minus-04.png,Saint Kitts and Nevis,Saint Kitts and Nevis,KN,UTC-04:00,UTC-4,no,no,yes,kn.svg,,saint-kitts-and-nevis,AST - QC (Lower North Shore),1,AST - QC (Lower North Shore)
UTC-4,-4,utc-minus-04.png,Saint Lucia,Saint Lucia,LC,UTC-04:00,UTC-4,no,no,yes,lc.svg,,saint-lucia,AST - QC (Lower North Shore),1,AST - QC (Lower North Shore)
UTC-4,-4,utc-minus-04.png,Saint Martin,Saint Martin,MF,UTC-04:00,UTC-4,no,no,yes,mf.svg,,saint-martin,AST - QC (Lower North Shore),1,AST - QC (Lower North Shore)
UTC-4,-4,utc-minus-04.png,Saint Vincent and the Grenadines,Saint Vincent and the Grenadines,VC,UTC-04:00,UTC-4,no,no,yes,vc.svg,,saint-vincent-and-the-grenadines,AST - QC (Lower North Shore),1,AST - QC (Lower North Shore)
UTC-4,-4,utc-minus-04.png,Sint Maarten (Dutch part),Sint Maarten (Dutch part),SX,UTC-04:00,UTC-4,no,no,yes,sx.svg,,sint-maarten-dutch-part,AST - QC (Lower North Shore),1,AST - QC (Lower North Shore)
UTC-4,-4,utc-minus-04.png,Trinidad and Tobago,Trinidad and Tobago,TT,UTC-04:00,UTC-4,no,no,no,tt.svg,TrinidadandTobago.jpg,trinidad-and-tobago,AST - QC (Lower North Shore),1,AST - QC (Lower North Shore)
UTC-4,-4,utc-minus-04.png,U.S. Virgin Islands,U.S. Virgin Islands,VI,UTC-04:00,UTC-4,no,no,no,vi.svg,VirginIslands.jpg,u-s-virgin-islands,AST - QC (Lower North Shore),1,AST - QC (Lower North Shore)
UTC-4,-4,utc-minus-04.png,Venezuela,"Venezuela, Bolivarian Republic of",VE,UTC-04:00,UTC-4,no,no,yes,ve.svg,,venezuela,,1,
UTC-3,-3,utc-minus-03.png,Antarctica,Antarctica,AQ,UTC-03:00,UTC-3,no,yes,yes,aq.svg,Antarctica.jpg,antarctica,Palmer; Rothera,2,Palmer; country/region appears in multiple symbolic slots
UTC-3,-3,utc-minus-03.png,Argentina,Argentina,AR,UTC-03:00,UTC-3,no,no,no,ar.svg,Argentina.jpg,argentina,"Buenos Aires (BA, CF); Catamarca (CT), Chubut (CH); most areas: CB, CC, CN, ER, FM, MN, SE, SF; Jujuy (JY); La Rioja (LR); Mendoza (MZ); Santa Cruz (SC); Salta (SA, LP, NQ, RN); San Juan (SJ); San Luis (SL); Tucumán (TM); Tierra del Fuego (TF)",12,"Buenos Aires (BA, CF)"
UTC-3,-3,utc-minus-03.png,Brazil,Brazil,BR,UTC-03:00,UTC-3,no,yes,yes,br.svg,Brazil.jpg,brazil,"Tocantins; Bahia; Pará (east), Amapá; Brazil (northeast: MA, PI, CE, RN, PB); Alagoas, Sergipe; Pernambuco; Pará (west); Brazil (southeast: GO, DF, MG, ES, RJ, SP, PR, SC, RS)",8,Tocantins; country/region appears in multiple symbolic slots
UTC-3,-3,utc-minus-03.png,Chile,Chile,CL,UTC-03:00,UTC-3,no,yes,yes,cl.svg,Chile.jpg,chile,Aysén Region; Magallanes Region; most of Chile,3,Aysén Region; country/region appears in multiple symbolic slots
UTC-3,-3,utc-minus-03.png,Falkland Islands,Falkland Islands (Malvinas),FK,UTC-03:00,UTC-3,no,no,yes,fk.svg,,falkland-islands,,1,
UTC-3,-3,utc-minus-03.png,French Guiana,French Guiana,GF,UTC-03:00,UTC-3,no,no,no,gf.svg,FrenchGuiana.jpg,french-guiana,,1,
UTC-3,-3,utc-minus-03.png,Paraguay,Paraguay,PY,UTC-03:00,UTC-3,no,no,no,py.svg,Paraguay.jpg,paraguay,,1,
UTC-3,-3,utc-minus-03.png,Saint Pierre and Miquelon,Saint Pierre and Miquelon,PM,UTC-03:00,UTC-3,no,no,yes,pm.svg,,saint-pierre-and-miquelon,,1,
UTC-3,-3,utc-minus-03.png,Suriname,Suriname,SR,UTC-03:00,UTC-3,no,no,no,sr.svg,Suriname.jpg,suriname,,1,
UTC-3,-3,utc-minus-03.png,Uruguay,Uruguay,UY,UTC-03:00,UTC-3,no,no,no,uy.svg,Uruguay.jpg,uruguay,,1,
UTC-2,-2,utc-minus-02.png,Brazil,Brazil,BR,UTC-02:00,UTC-2,no,yes,yes,br.svg,Brazil.jpg,brazil,Atlantic islands,1,Atlantic islands; country/region appears in multiple symbolic slots
UTC-2,-2,utc-minus-02.png,Greenland,Greenland,GL,UTC-02:00,UTC-2,no,yes,yes,gl.svg,Greenland.jpg,greenland,most of Greenland; Scoresbysund/Ittoqqortoormiit,2,most of Greenland; country/region appears in multiple symbolic slots
UTC-2,-2,utc-minus-02.png,South Georgia and the South Sandwich Islands,South Georgia and the South Sandwich Islands,GS,UTC-02:00,UTC-2,no,no,yes,gs.svg,,south-georgia-and-the-south-sandwich-islands,,1,
UTC-1,-1,utc-minus-01.png,Cabo Verde,Cabo Verde,CV,UTC-01:00,UTC-1,no,no,yes,cv.svg,,cabo-verde,,1,
UTC-1,-1,utc-minus-01.png,Portugal,Portugal,PT,UTC-01:00,UTC-1,no,yes,yes,pt.svg,Portugal.jpg,portugal,Azores,1,Azores; country/region appears in multiple symbolic slots
UTC+0,0,utc-plus-00.png,Antarctica,Antarctica,AQ,UTC+00:00,UTC+0,no,yes,yes,aq.svg,Antarctica.jpg,antarctica,Troll,1,Troll; country/region appears in multiple symbolic slots
UTC+0,0,utc-plus-00.png,Burkina Faso,Burkina Faso,BF,UTC+00:00,UTC+0,no,no,no,bf.svg,BurkinaFaso.jpg,burkina-faso,,1,
UTC+0,0,utc-plus-00.png,Cote d'Ivoire,Cote d'Ivoire,CI,UTC+00:00,UTC+0,no,no,no,ci.svg,Coted'Ivoire.jpg,cote-d-ivoire,,1,
UTC+0,0,utc-plus-00.png,Faroe Islands,Faroe Islands,FO,UTC+00:00,UTC+0,no,no,no,fo.svg,FaroeIslands.jpg,faroe-islands,,1,
UTC+0,0,utc-plus-00.png,Gambia,Gambia,GM,UTC+00:00,UTC+0,no,no,no,gm.svg,Gambia.jpg,gambia,,1,
UTC+0,0,utc-plus-00.png,Ghana,Ghana,GH,UTC+00:00,UTC+0,no,no,no,gh.svg,Ghana.jpg,ghana,,1,
UTC+0,0,utc-plus-00.png,Greenland,Greenland,GL,UTC+00:00,UTC+0,no,yes,yes,gl.svg,Greenland.jpg,greenland,National Park (east coast),1,National Park (east coast); country/region appears in multiple symbolic slots
UTC+0,0,utc-plus-00.png,Guernsey,Guernsey,GG,UTC+00:00,UTC+0,no,no,no,gg.svg,Guernsey.jpg,guernsey,,1,
UTC+0,0,utc-plus-00.png,Guinea,Guinea,GN,UTC+00:00,UTC+0,no,no,no,gn.svg,Guinea.jpg,guinea,,1,
UTC+0,0,utc-plus-00.png,Guinea-Bissau,Guinea-Bissau,GW,UTC+00:00,UTC+0,no,no,no,gw.svg,Guinea-Bissau.jpg,guinea-bissau,,1,
UTC+0,0,utc-plus-00.png,Iceland,Iceland,IS,UTC+00:00,UTC+0,no,no,no,is.svg,Iceland.jpg,iceland,,1,
UTC+0,0,utc-plus-00.png,Ireland,Ireland,IE,UTC+00:00,UTC+0,no,no,no,ie.svg,Ireland.jpg,ireland,,1,
UTC+0,0,utc-plus-00.png,Isle of Man,Isle of Man,IM,UTC+00:00,UTC+0,no,no,yes,im.svg,,isle-of-man,,1,
UTC+0,0,utc-plus-00.png,Jersey,Jersey,JE,UTC+00:00,UTC+0,no,no,no,je.svg,Jersey.jpg,jersey,,1,
UTC+0,0,utc-plus-00.png,Liberia,Liberia,LR,UTC+00:00,UTC+0,no,no,no,lr.svg,Liberia.jpg,liberia,,1,
UTC+0,0,utc-plus-00.png,Mali,Mali,ML,UTC+00:00,UTC+0,no,no,no,ml.svg,Mali.jpg,mali,,1,
UTC+0,0,utc-plus-00.png,Mauritania,Mauritania,MR,UTC+00:00,UTC+0,no,no,no,mr.svg,Mauritania.jpg,mauritania,,1,
UTC+0,0,utc-plus-00.png,Portugal,Portugal,PT,UTC+00:00,UTC+0,no,yes,yes,pt.svg,Portugal.jpg,portugal,Madeira Islands; Portugal (mainland),2,Madeira Islands; country/region appears in multiple symbolic slots
UTC+0,0,utc-plus-00.png,"Saint Helena, Ascension and Tristan da Cunha","Saint Helena, Ascension and Tristan da Cunha",SH,UTC+00:00,UTC+0,no,no,yes,sh.svg,,saint-helena-ascension-and-tristan-da-cunha,,1,
UTC+0,0,utc-plus-00.png,Sao Tome and Principe,Sao Tome and Principe,ST,UTC+00:00,UTC+0,no,no,yes,st.svg,,sao-tome-and-principe,,1,
UTC+0,0,utc-plus-00.png,Senegal,Senegal,SN,UTC+00:00,UTC+0,no,no,yes,sn.svg,,senegal,,1,
UTC+0,0,utc-plus-00.png,Sierra Leone,Sierra Leone,SL,UTC+00:00,UTC+0,no,no,no,sl.svg,SierraLeone.jpg,sierra-leone,,1,
UTC+0,0,utc-plus-00.png,Spain,Spain,ES,UTC+00:00,UTC+0,no,yes,yes,es.svg,Spain.jpg,spain,Canary Islands,1,Canary Islands; country/region appears in multiple symbolic slots
UTC+0,0,utc-plus-00.png,Togo,Togo,TG,UTC+00:00,UTC+0,no,no,no,tg.svg,Togo.jpg,togo,,1,
UTC+0,0,utc-plus-00.png,United Kingdom,United Kingdom,GB,UTC+00:00,UTC+0,no,no,no,gb.svg,UnitedKingdom.jpg,united-kingdom,,1,
UTC+1,1,utc-plus-01.png,Albania,Albania,AL,UTC+01:00,UTC+1,no,no,no,al.svg,Albania.jpg,albania,,1,
UTC+1,1,utc-plus-01.png,Algeria,Algeria,DZ,UTC+01:00,UTC+1,no,no,no,dz.svg,algeria.jpg,algeria,,1,
UTC+1,1,utc-plus-01.png,Andorra,Andorra,AD,UTC+01:00,UTC+1,no,no,no,ad.svg,Andorra.jpg,andorra,,1,
UTC+1,1,utc-plus-01.png,Angola,Angola,AO,UTC+01:00,UTC+1,no,no,no,ao.svg,Angola.jpg,angola,West Africa Time,1,West Africa Time
UTC+1,1,utc-plus-01.png,Austria,Austria,AT,UTC+01:00,UTC+1,no,no,no,at.svg,Austria.jpg,austria,,1,
UTC+1,1,utc-plus-01.png,Belgium,Belgium,BE,UTC+01:00,UTC+1,no,no,no,be.svg,Belgium.jpg,belgium,,1,
UTC+1,1,utc-plus-01.png,Benin,Benin,BJ,UTC+01:00,UTC+1,no,no,no,bj.svg,Benin.jpg,benin,West Africa Time,1,West Africa Time
UTC+1,1,utc-plus-01.png,Bosnia and Herzegovina,Bosnia and Herzegovina,BA,UTC+01:00,UTC+1,no,no,no,ba.svg,BosniaandHerzegovina.jpg,bosnia-and-herzegovina,,1,
UTC+1,1,utc-plus-01.png,Cameroon,Cameroon,CM,UTC+01:00,UTC+1,no,no,no,cm.svg,Cameroon.jpg,cameroon,West Africa Time,1,West Africa Time
UTC+1,1,utc-plus-01.png,Central African Republic,Central African Republic,CF,UTC+01:00,UTC+1,no,no,no,cf.svg,CentralAfricanRepublic.jpg,central-african-republic,West Africa Time,1,West Africa Time
UTC+1,1,utc-plus-01.png,Chad,Chad,TD,UTC+01:00,UTC+1,no,no,no,td.svg,Chad.jpg,chad,,1,
UTC+1,1,utc-plus-01.png,Croatia,Croatia,HR,UTC+01:00,UTC+1,no,no,no,hr.svg,Croatia.jpg,croatia,,1,
UTC+1,1,utc-plus-01.png,Czech Republic,Czechia,CZ,UTC+01:00,UTC+1,no,no,yes,cz.svg,,czech-republic,,1,
UTC+1,1,utc-plus-01.png,Democratic Republic of the Congo,"Congo, Democratic Republic of the",CD,UTC+01:00,UTC+1,no,yes,yes,cd.svg,,democratic-republic-of-the-congo,West Africa Time,1,West Africa Time; country/region appears in multiple symbolic slots
UTC+1,1,utc-plus-01.png,Denmark,Denmark,DK,UTC+01:00,UTC+1,no,no,no,dk.svg,Denmark.jpg,denmark,most of Germany,1,most of Germany
UTC+1,1,utc-plus-01.png,Equatorial Guinea,Equatorial Guinea,GQ,UTC+01:00,UTC+1,no,no,no,gq.svg,EquatorialGuinea.jpg,equatorial-guinea,West Africa Time,1,West Africa Time
UTC+1,1,utc-plus-01.png,France,France,FR,UTC+01:00,UTC+1,no,no,no,fr.svg,France.jpg,france,,1,
UTC+1,1,utc-plus-01.png,Gabon,Gabon,GA,UTC+01:00,UTC+1,no,no,no,ga.svg,Gabon.jpg,gabon,West Africa Time,1,West Africa Time
UTC+1,1,utc-plus-01.png,Germany,Germany,DE,UTC+01:00,UTC+1,no,no,no,de.svg,Germany.jpg,germany,most of Germany; Büsingen,2,most of Germany
UTC+1,1,utc-plus-01.png,Gibraltar,Gibraltar,GI,UTC+01:00,UTC+1,no,no,no,gi.svg,Gibraltar.jpg,gibraltar,,1,
UTC+1,1,utc-plus-01.png,Holy See,Holy See,VA,UTC+01:00,UTC+1,no,no,yes,va.svg,,holy-see,,1,
UTC+1,1,utc-plus-01.png,Hungary,Hungary,HU,UTC+01:00,UTC+1,no,no,no,hu.svg,Hungary.jpg,hungary,,1,
UTC+1,1,utc-plus-01.png,Italy,Italy,IT,UTC+01:00,UTC+1,no,no,no,it.svg,Italy.jpg,italy,,1,
UTC+1,1,utc-plus-01.png,Liechtenstein,Liechtenstein,LI,UTC+01:00,UTC+1,no,no,no,li.svg,Liechtenstein.jpg,liechtenstein,Büsingen,1,Büsingen
UTC+1,1,utc-plus-01.png,Luxembourg,Luxembourg,LU,UTC+01:00,UTC+1,no,no,no,lu.svg,Luxembourg.jpg,luxembourg,,1,
UTC+1,1,utc-plus-01.png,Malta,Malta,MT,UTC+01:00,UTC+1,no,no,no,mt.svg,Malta.jpg,malta,,1,
UTC+1,1,utc-plus-01.png,Monaco,Monaco,MC,UTC+01:00,UTC+1,no,no,no,mc.svg,Monaco.jpg,monaco,,1,
UTC+1,1,utc-plus-01.png,Montenegro,Montenegro,ME,UTC+01:00,UTC+1,no,no,no,me.svg,Montenegro.jpg,montenegro,,1,
UTC+1,1,utc-plus-01.png,Morocco,Morocco,MA,UTC+01:00,UTC+1,no,no,no,ma.svg,Morocco.jpg,morocco,,1,
UTC+1,1,utc-plus-01.png,Netherlands,"Netherlands, Kingdom of the",NL,UTC+01:00,UTC+1,no,no,yes,nl.svg,,netherlands,,1,
UTC+1,1,utc-plus-01.png,Niger,Niger,NE,UTC+01:00,UTC+1,no,no,no,ne.svg,Niger.jpg,niger,West Africa Time,1,West Africa Time
UTC+1,1,utc-plus-01.png,Nigeria,Nigeria,NG,UTC+01:00,UTC+1,no,no,no,ng.svg,Nigeria.jpg,nigeria,West Africa Time,1,West Africa Time
UTC+1,1,utc-plus-01.png,North Macedonia,North Macedonia,MK,UTC+01:00,UTC+1,no,no,yes,mk.svg,,north-macedonia,,1,
UTC+1,1,utc-plus-01.png,Norway,Norway,NO,UTC+01:00,UTC+1,no,no,no,no.svg,Norway.jpg,norway,most of Germany,1,most of Germany
UTC+1,1,utc-plus-01.png,Poland,Poland,PL,UTC+01:00,UTC+1,no,no,no,pl.svg,Poland.jpg,poland,,1,
UTC+1,1,utc-plus-01.png,Republic of the Congo,Republic of the Congo,CG,UTC+01:00,UTC+1,no,no,no,cg.svg,RepublicoftheCongo.jpg,republic-of-the-congo,West Africa Time,1,West Africa Time
UTC+1,1,utc-plus-01.png,San Marino,San Marino,SM,UTC+01:00,UTC+1,no,no,yes,sm.svg,,san-marino,,1,
UTC+1,1,utc-plus-01.png,Serbia,Serbia,RS,UTC+01:00,UTC+1,no,no,yes,rs.svg,,serbia,,1,
UTC+1,1,utc-plus-01.png,Slovakia,Slovakia,SK,UTC+01:00,UTC+1,no,no,no,sk.svg,Slovakia.jpg,slovakia,,1,
UTC+1,1,utc-plus-01.png,Slovenia,Slovenia,SI,UTC+01:00,UTC+1,no,no,no,si.svg,Slovenia.jpg,slovenia,,1,
UTC+1,1,utc-plus-01.png,Spain,Spain,ES,UTC+01:00,UTC+1,no,yes,yes,es.svg,Spain.jpg,spain,"Ceuta, Melilla; Spain (mainland)",2,"Ceuta, Melilla; country/region appears in multiple symbolic slots"
UTC+1,1,utc-plus-01.png,Svalbard and Jan Mayen,Svalbard and Jan Mayen,SJ,UTC+01:00,UTC+1,no,no,yes,sj.svg,,svalbard-and-jan-mayen,most of Germany,1,most of Germany
UTC+1,1,utc-plus-01.png,Sweden,Sweden,SE,UTC+01:00,UTC+1,no,no,no,se.svg,Sweden.jpg,sweden,most of Germany,1,most of Germany
UTC+1,1,utc-plus-01.png,Switzerland,Switzerland,CH,UTC+01:00,UTC+1,no,no,no,ch.svg,Switzerland.jpg,switzerland,Büsingen,1,Büsingen
UTC+1,1,utc-plus-01.png,Tunisia,Tunisia,TN,UTC+01:00,UTC+1,no,no,no,tn.svg,Tunisia.jpg,tunisia,,1,
UTC+1,1,utc-plus-01.png,Western Sahara,Western Sahara,EH,UTC+01:00,UTC+1,no,no,no,eh.svg,WesternSahara.jpg,western-sahara,,1,
UTC+2,2,utc-plus-02.png,Botswana,Botswana,BW,UTC+02:00,UTC+2,no,no,no,bw.svg,Botswana.jpg,botswana,Central Africa Time,1,Central Africa Time
UTC+2,2,utc-plus-02.png,Bulgaria,Bulgaria,BG,UTC+02:00,UTC+2,no,no,no,bg.svg,Bulgaria.jpg,bulgaria,,1,
UTC+2,2,utc-plus-02.png,Burundi,Burundi,BI,UTC+02:00,UTC+2,no,no,no,bi.svg,Burundi.jpg,burundi,Central Africa Time,1,Central Africa Time
UTC+2,2,utc-plus-02.png,Cyprus,Cyprus,CY,UTC+02:00,UTC+2,no,no,yes,cy.svg,,cyprus,Northern Cyprus; most of Cyprus,2,Northern Cyprus
UTC+2,2,utc-plus-02.png,Democratic Republic of the Congo,"Congo, Democratic Republic of the",CD,UTC+02:00,UTC+2,no,yes,yes,cd.svg,,democratic-republic-of-the-congo,Central Africa Time,1,Central Africa Time; country/region appears in multiple symbolic slots
UTC+2,2,utc-plus-02.png,Egypt,Egypt,EG,UTC+02:00,UTC+2,no,no,no,eg.svg,Egypt.jpg,egypt,,1,
UTC+2,2,utc-plus-02.png,Estonia,Estonia,EE,UTC+02:00,UTC+2,no,no,no,ee.svg,Estonia.jpg,estonia,,1,
UTC+2,2,utc-plus-02.png,Eswatini,Eswatini,SZ,UTC+02:00,UTC+2,no,no,yes,sz.svg,,eswatini,,1,
UTC+2,2,utc-plus-02.png,Finland,Finland,FI,UTC+02:00,UTC+2,no,no,no,fi.svg,Finland.jpg,finland,,1,
UTC+2,2,utc-plus-02.png,Greece,Greece,GR,UTC+02:00,UTC+2,no,no,no,gr.svg,Greece.jpg,greece,,1,
UTC+2,2,utc-plus-02.png,Israel,Israel,IL,UTC+02:00,UTC+2,no,no,no,il.svg,Israel.jpg,israel,,1,
UTC+2,2,utc-plus-02.png,Latvia,Latvia,LV,UTC+02:00,UTC+2,no,no,no,lv.svg,Latvia.jpg,latvia,,1,
UTC+2,2,utc-plus-02.png,Lebanon,Lebanon,LB,UTC+02:00,UTC+2,no,no,no,lb.svg,Lebanon.jpg,lebanon,,1,
UTC+2,2,utc-plus-02.png,Lesotho,Lesotho,LS,UTC+02:00,UTC+2,no,no,no,ls.svg,Lesotho.jpg,lesotho,,1,
UTC+2,2,utc-plus-02.png,Libya,Libya,LY,UTC+02:00,UTC+2,no,no,no,ly.svg,Libya.jpg,libya,,1,
UTC+2,2,utc-plus-02.png,Lithuania,Lithuania,LT,UTC+02:00,UTC+2,no,no,no,lt.svg,Lithuania.jpg,lithuania,,1,
UTC+2,2,utc-plus-02.png,Malawi,Malawi,MW,UTC+02:00,UTC+2,no,no,no,mw.svg,Malawi.jpg,malawi,Central Africa Time,1,Central Africa Time
UTC+2,2,utc-plus-02.png,Moldova,"Moldova, Republic of",MD,UTC+02:00,UTC+2,no,no,yes,md.svg,,moldova,,1,
UTC+2,2,utc-plus-02.png,Mozambique,Mozambique,MZ,UTC+02:00,UTC+2,no,no,no,mz.svg,Mozambique.jpg,mozambique,Central Africa Time,1,Central Africa Time
UTC+2,2,utc-plus-02.png,Namibia,Namibia,NA,UTC+02:00,UTC+2,no,no,no,na.svg,Namibia.jpg,namibia,,1,
UTC+2,2,utc-plus-02.png,Palestine,"Palestine, State of",PS,UTC+02:00,UTC+2,no,no,yes,ps.svg,,palestine,Gaza Strip; West Bank,2,Gaza Strip
UTC+2,2,utc-plus-02.png,Romania,Romania,RO,UTC+02:00,UTC+2,no,no,yes,ro.svg,,romania,,1,
UTC+2,2,utc-plus-02.png,Russia,Russia,RU,UTC+02:00,UTC+2,no,yes,yes,ru.svg,,russia,MSK-01 - Kaliningrad,1,MSK-01 - Kaliningrad; country/region appears in multiple symbolic slots
UTC+2,2,utc-plus-02.png,Rwanda,Rwanda,RW,UTC+02:00,UTC+2,no,no,yes,rw.svg,,rwanda,Central Africa Time,1,Central Africa Time
UTC+2,2,utc-plus-02.png,South Africa,South Africa,ZA,UTC+02:00,UTC+2,no,no,no,za.svg,SouthAfrica.jpg,south-africa,,1,
UTC+2,2,utc-plus-02.png,South Sudan,South Sudan,SS,UTC+02:00,UTC+2,no,no,no,ss.svg,Southsudan.jpg,south-sudan,,1,
UTC+2,2,utc-plus-02.png,Sudan,Sudan,SD,UTC+02:00,UTC+2,no,no,no,sd.svg,Sudan(1).jpg,sudan,,1,
UTC+2,2,utc-plus-02.png,Ukraine,Ukraine,UA,UTC+02:00,UTC+2,no,yes,yes,ua.svg,Ukraine.jpg,ukraine,most of Ukraine,1,most of Ukraine; country/region appears in multiple symbolic slots
UTC+2,2,utc-plus-02.png,Zambia,Zambia,ZM,UTC+02:00,UTC+2,no,no,no,zm.svg,Zambia.jpg,zambia,Central Africa Time,1,Central Africa Time
UTC+2,2,utc-plus-02.png,Zimbabwe,Zimbabwe,ZW,UTC+02:00,UTC+2,no,no,no,zw.svg,Zimbabwe.jpg,zimbabwe,Central Africa Time,1,Central Africa Time
UTC+2,2,utc-plus-02.png,Åland Islands,Åland Islands,AX,UTC+02:00,UTC+2,no,no,yes,ax.svg,,aland-islands,,1,
UTC+3,3,utc-plus-03.png,Antarctica,Antarctica,AQ,UTC+03:00,UTC+3,no,yes,yes,aq.svg,Antarctica.jpg,antarctica,Syowa,1,Syowa; country/region appears in multiple symbolic slots
UTC+3,3,utc-plus-03.png,Bahrain,Bahrain,BH,UTC+03:00,UTC+3,no,no,no,bh.svg,Bahrain.jpg,bahrain,,1,
UTC+3,3,utc-plus-03.png,Belarus,Belarus,BY,UTC+03:00,UTC+3,no,no,yes,by.svg,,belarus,,1,
UTC+3,3,utc-plus-03.png,Comoros,Comoros,KM,UTC+03:00,UTC+3,no,no,no,km.svg,Comoros.jpg,comoros,,1,
UTC+3,3,utc-plus-03.png,Djibouti,Djibouti,DJ,UTC+03:00,UTC+3,no,no,no,dj.svg,Djibouti.jpg,djibouti,,1,
UTC+3,3,utc-plus-03.png,Eritrea,Eritrea,ER,UTC+03:00,UTC+3,no,no,no,er.svg,Eritrea.jpg,eritrea,,1,
UTC+3,3,utc-plus-03.png,Ethiopia,Ethiopia,ET,UTC+03:00,UTC+3,no,no,no,et.svg,Ethiopia.jpg,ethiopia,,1,
UTC+3,3,utc-plus-03.png,Iraq,Iraq,IQ,UTC+03:00,UTC+3,no,no,no,iq.svg,Iraq.jpg,iraq,,1,
UTC+3,3,utc-plus-03.png,Jordan,Jordan,JO,UTC+03:00,UTC+3,no,no,no,jo.svg,Jordan.jpg,jordan,,1,
UTC+3,3,utc-plus-03.png,Kenya,Kenya,KE,UTC+03:00,UTC+3,no,no,no,ke.svg,Kenya.jpg,kenya,,1,
UTC+3,3,utc-plus-03.png,Kuwait,Kuwait,KW,UTC+03:00,UTC+3,no,no,yes,kw.svg,,kuwait,Syowa,1,Syowa
UTC+3,3,utc-plus-03.png,Madagascar,Madagascar,MG,UTC+03:00,UTC+3,no,no,no,mg.svg,Madagascar.jpg,madagascar,,1,
UTC+3,3,utc-plus-03.png,Mayotte,Mayotte,YT,UTC+03:00,UTC+3,no,no,yes,yt.svg,,mayotte,,1,
UTC+3,3,utc-plus-03.png,Qatar,Qatar,QA,UTC+03:00,UTC+3,no,no,no,qa.svg,Qatar.jpg,qatar,,1,
UTC+3,3,utc-plus-03.png,Russia,Russia,RU,UTC+03:00,UTC+3,no,yes,yes,ru.svg,,russia,MSK+00 - Kirov; MSK+00 - Moscow area; Crimea; MSK+00 - Volgograd,4,MSK+00 - Kirov; country/region appears in multiple symbolic slots
UTC+3,3,utc-plus-03.png,Saudi Arabia,Saudi Arabia,SA,UTC+03:00,UTC+3,no,no,yes,sa.svg,,saudi-arabia,Syowa,1,Syowa
UTC+3,3,utc-plus-03.png,Somalia,Somalia,SO,UTC+03:00,UTC+3,no,no,no,so.svg,Somalia.jpg,somalia,,1,
UTC+3,3,utc-plus-03.png,Syria,Syria,SY,UTC+03:00,UTC+3,no,no,no,sy.svg,Syria.jpg,syria,,1,
UTC+3,3,utc-plus-03.png,Tanzania,Tanzania,TZ,UTC+03:00,UTC+3,no,no,no,tz.svg,Tanzania.jpg,tanzania,,1,
UTC+3,3,utc-plus-03.png,Turkey,Türkiye,TR,UTC+03:00,UTC+3,no,no,yes,tr.svg,,turkey,,1,
UTC+3,3,utc-plus-03.png,Uganda,Uganda,UG,UTC+03:00,UTC+3,no,no,no,ug.svg,Uganda.jpg,uganda,,1,
UTC+3,3,utc-plus-03.png,Ukraine,Ukraine,UA,UTC+03:00,UTC+3,no,yes,yes,ua.svg,Ukraine.jpg,ukraine,Crimea,1,Crimea; country/region appears in multiple symbolic slots
UTC+3,3,utc-plus-03.png,Yemen,Yemen,YE,UTC+03:00,UTC+3,no,no,no,ye.svg,Yemen.jpg,yemen,Syowa,1,Syowa
UTC+4,4,utc-plus-04.png,Armenia,Armenia,AM,UTC+04:00,UTC+4,no,no,no,am.svg,Armenia.jpg,armenia,,1,
UTC+4,4,utc-plus-04.png,Azerbaijan,Azerbaijan,AZ,UTC+04:00,UTC+4,no,no,no,az.svg,Azerbaijan.jpg,azerbaijan,,1,
UTC+4,4,utc-plus-04.png,French Southern Territories,French Southern Territories,TF,UTC+04:00,UTC+4,no,yes,yes,tf.svg,,french-southern-territories,Crozet,1,Crozet; country/region appears in multiple symbolic slots
UTC+4,4,utc-plus-04.png,Georgia,Georgia,GE,UTC+04:00,UTC+4,no,no,no,ge.svg,Georgia.jpg,georgia,,1,
UTC+4,4,utc-plus-04.png,Iran,"Iran, Islamic Republic of",IR,UTC+03:30,UTC+4,yes,no,yes,ir.svg,,iran,,1,fractional actual UTC offset; assigned to nearest symbolic hourly slot
UTC+4,4,utc-plus-04.png,Mauritius,Mauritius,MU,UTC+04:00,UTC+4,no,no,yes,mu.svg,,mauritius,,1,
UTC+4,4,utc-plus-04.png,Oman,Oman,OM,UTC+04:00,UTC+4,no,no,no,om.svg,Oman.jpg,oman,Crozet,1,Crozet
UTC+4,4,utc-plus-04.png,Reunion,Reunion,RE,UTC+04:00,UTC+4,no,no,yes,re.svg,,reunion,Crozet,1,Crozet
UTC+4,4,utc-plus-04.png,Russia,Russia,RU,UTC+04:00,UTC+4,no,yes,yes,ru.svg,,russia,"MSK+01 - Astrakhan; MSK+01 - Samara, Udmurtia; MSK+01 - Saratov; MSK+01 - Ulyanovsk",4,MSK+01 - Astrakhan; country/region appears in multiple symbolic slots
UTC+4,4,utc-plus-04.png,Seychelles,Seychelles,SC,UTC+04:00,UTC+4,no,no,yes,sc.svg,,seychelles,Crozet,1,Crozet
UTC+4,4,utc-plus-04.png,United Arab Emirates,United Arab Emirates,AE,UTC+04:00,UTC+4,no,no,no,ae.svg,UnitedArabEmirates.jpg,united-arab-emirates,Crozet,1,Crozet
UTC+5,5,utc-plus-05.png,Afghanistan,Afghanistan,AF,UTC+04:30,UTC+5,yes,no,yes,af.svg,afghanistan.jpg,afghanistan,,1,fractional actual UTC offset; assigned to nearest symbolic hourly slot
UTC+5,5,utc-plus-05.png,Antarctica,Antarctica,AQ,UTC+05:00,UTC+5,no,yes,yes,aq.svg,Antarctica.jpg,antarctica,Mawson; Vostok,2,Mawson; country/region appears in multiple symbolic slots
UTC+5,5,utc-plus-05.png,French Southern Territories,French Southern Territories,TF,UTC+05:00,UTC+5,no,yes,yes,tf.svg,,french-southern-territories,"Kerguelen, St Paul I, Amsterdam I",1,"Kerguelen, St Paul I, Amsterdam I; country/region appears in multiple symbolic slots"
UTC+5,5,utc-plus-05.png,Kazakhstan,Kazakhstan,KZ,UTC+05:00,UTC+5,no,no,no,kz.svg,Kazakhstan.jpg,kazakhstan,most of Kazakhstan; Mangghystaū/Mankistau; Aqtöbe/Aktobe; Atyraū/Atirau/Gur’yev; West Kazakhstan; Qostanay/Kostanay/Kustanay; Qyzylorda/Kyzylorda/Kzyl-Orda,7,most of Kazakhstan
UTC+5,5,utc-plus-05.png,Maldives,Maldives,MV,UTC+05:00,UTC+5,no,no,no,mv.svg,Maldives.jpg,maldives,"Kerguelen, St Paul I, Amsterdam I",1,"Kerguelen, St Paul I, Amsterdam I"
UTC+5,5,utc-plus-05.png,Pakistan,Pakistan,PK,UTC+05:00,UTC+5,no,no,no,pk.svg,Pakistan.jpg,pakistan,,1,
UTC+5,5,utc-plus-05.png,Russia,Russia,RU,UTC+05:00,UTC+5,no,yes,yes,ru.svg,,russia,MSK+02 - Urals,1,MSK+02 - Urals; country/region appears in multiple symbolic slots
UTC+5,5,utc-plus-05.png,Tajikistan,Tajikistan,TJ,UTC+05:00,UTC+5,no,no,no,tj.svg,Tajikistan.jpg,tajikistan,,1,
UTC+5,5,utc-plus-05.png,Turkmenistan,Turkmenistan,TM,UTC+05:00,UTC+5,no,no,no,tm.svg,Turkmenistan.jpg,turkmenistan,,1,
UTC+5,5,utc-plus-05.png,Uzbekistan,Uzbekistan,UZ,UTC+05:00,UTC+5,no,no,no,uz.svg,Uzbekistan.jpg,uzbekistan,Uzbekistan (west); Uzbekistan (east),2,Uzbekistan (west)
UTC+6,6,utc-plus-06.png,Bangladesh,Bangladesh,BD,UTC+06:00,UTC+6,no,no,no,bd.svg,Bangladesh.jpg,bangladesh,,1,
UTC+6,6,utc-plus-06.png,Bhutan,Bhutan,BT,UTC+06:00,UTC+6,no,no,no,bt.svg,Bhutan.jpg,bhutan,,1,
UTC+6,6,utc-plus-06.png,British Indian Ocean Territory,British Indian Ocean Territory,IO,UTC+06:00,UTC+6,no,no,yes,io.svg,,british-indian-ocean-territory,,1,
UTC+6,6,utc-plus-06.png,China,China,CN,UTC+06:00,UTC+6,no,yes,yes,cn.svg,China.jpg,china,Xinjiang Time,1,Xinjiang Time; country/region appears in multiple symbolic slots
UTC+6,6,utc-plus-06.png,India,India,IN,UTC+05:30,UTC+6,yes,no,yes,in.svg,India.jpg,india,,1,fractional actual UTC offset; assigned to nearest symbolic hourly slot
UTC+6,6,utc-plus-06.png,Kyrgyzstan,Kyrgyzstan,KG,UTC+06:00,UTC+6,no,no,yes,kg.svg,,kyrgyzstan,,1,
UTC+6,6,utc-plus-06.png,Nepal,Nepal,NP,UTC+05:45,UTC+6,yes,no,yes,np.svg,Nepal.jpg,nepal,,1,fractional actual UTC offset; assigned to nearest symbolic hourly slot
UTC+6,6,utc-plus-06.png,Russia,Russia,RU,UTC+06:00,UTC+6,no,yes,yes,ru.svg,,russia,MSK+03 - Omsk,1,MSK+03 - Omsk; country/region appears in multiple symbolic slots
UTC+6,6,utc-plus-06.png,Sri Lanka,Sri Lanka,LK,UTC+05:30,UTC+6,yes,no,yes,lk.svg,SriLanka.jpg,sri-lanka,,1,fractional actual UTC offset; assigned to nearest symbolic hourly slot
UTC+7,7,utc-plus-07.png,Antarctica,Antarctica,AQ,UTC+07:00,UTC+7,no,yes,yes,aq.svg,Antarctica.jpg,antarctica,Davis,1,Davis; country/region appears in multiple symbolic slots
UTC+7,7,utc-plus-07.png,Cambodia,Cambodia,KH,UTC+07:00,UTC+7,no,no,no,kh.svg,Cambodia.jpg,cambodia,north Vietnam,1,north Vietnam
UTC+7,7,utc-plus-07.png,Christmas Island,Christmas Island,CX,UTC+07:00,UTC+7,no,no,no,cx.svg,ChristmasIsland.jpg,christmas-island,north Vietnam,1,north Vietnam
UTC+7,7,utc-plus-07.png,Cocos (Keeling) Islands,Cocos (Keeling) Islands,CC,UTC+06:30,UTC+7,yes,no,yes,cc.svg,Cocos(Keeling)Islands.jpg,cocos-keeling-islands,,1,fractional actual UTC offset; assigned to nearest symbolic hourly slot
UTC+7,7,utc-plus-07.png,Indonesia,Indonesia,ID,UTC+07:00,UTC+7,no,yes,yes,id.svg,Indonesia.jpg,indonesia,"Java, Sumatra; Borneo (west, central)",2,"Java, Sumatra; country/region appears in multiple symbolic slots"
UTC+7,7,utc-plus-07.png,Laos,Laos,LA,UTC+07:00,UTC+7,no,no,no,la.svg,Laos.jpg,laos,north Vietnam,1,north Vietnam
UTC+7,7,utc-plus-07.png,Mongolia,Mongolia,MN,UTC+07:00,UTC+7,no,yes,yes,mn.svg,Mongolia.jpg,mongolia,"Bayan-Ölgii, Hovd, Uvs",1,"Bayan-Ölgii, Hovd, Uvs; country/region appears in multiple symbolic slots"
UTC+7,7,utc-plus-07.png,Myanmar,Myanmar,MM,UTC+06:30,UTC+7,yes,no,yes,mm.svg,Myanmar.jpg,myanmar,,1,fractional actual UTC offset; assigned to nearest symbolic hourly slot
UTC+7,7,utc-plus-07.png,Russia,Russia,RU,UTC+07:00,UTC+7,no,yes,yes,ru.svg,,russia,MSK+04 - Altai; MSK+04 - Krasnoyarsk area; MSK+04 - Kemerovo; MSK+04 - Novosibirsk; MSK+04 - Tomsk,5,MSK+04 - Altai; country/region appears in multiple symbolic slots
UTC+7,7,utc-plus-07.png,Thailand,Thailand,TH,UTC+07:00,UTC+7,no,no,no,th.svg,Thailand.jpg,thailand,north Vietnam,1,north Vietnam
UTC+7,7,utc-plus-07.png,Vietnam,Vietnam,VN,UTC+07:00,UTC+7,no,no,no,vn.svg,Vietnam.jpg,vietnam,north Vietnam; south Vietnam,2,north Vietnam
UTC+8,8,utc-plus-08.png,Antarctica,Antarctica,AQ,UTC+08:00,UTC+8,no,yes,yes,aq.svg,Antarctica.jpg,antarctica,"Casey; peninsular Malaysia, Concordia",2,Casey; country/region appears in multiple symbolic slots
UTC+8,8,utc-plus-08.png,Australia,Australia,AU,UTC+08:00,UTC+8,no,yes,yes,au.svg,Australia.jpg,australia,Western Australia (most areas),1,Western Australia (most areas); country/region appears in multiple symbolic slots
UTC+8,8,utc-plus-08.png,Brunei,Brunei,BN,UTC+08:00,UTC+8,no,no,no,bn.svg,Brunei.jpg,brunei,"Sabah, Sarawak",1,"Sabah, Sarawak"
UTC+8,8,utc-plus-08.png,China,China,CN,UTC+08:00,UTC+8,no,yes,yes,cn.svg,China.jpg,china,Beijing Time,1,Beijing Time; country/region appears in multiple symbolic slots
UTC+8,8,utc-plus-08.png,Hong Kong,Hong Kong,HK,UTC+08:00,UTC+8,no,no,no,hk.svg,HongKong.jpg,hong-kong,,1,
UTC+8,8,utc-plus-08.png,Indonesia,Indonesia,ID,UTC+08:00,UTC+8,no,yes,yes,id.svg,Indonesia.jpg,indonesia,"Borneo (east, south), Sulawesi/Celebes, Bali, Nusa Tengarra, Timor (west)",1,"Borneo (east, south), Sulawesi/Celebes, Bali, Nusa Tengarra, Timor (west); country/region appears in multiple symbolic slots"
UTC+8,8,utc-plus-08.png,Macao,Macao,MO,UTC+08:00,UTC+8,no,no,yes,mo.svg,,macao,,1,
UTC+8,8,utc-plus-08.png,Malaysia,Malaysia,MY,UTC+08:00,UTC+8,no,no,no,my.svg,Malaysia.jpg,malaysia,"Sabah, Sarawak; peninsular Malaysia, Concordia",2,"Sabah, Sarawak"
UTC+8,8,utc-plus-08.png,Mongolia,Mongolia,MN,UTC+08:00,UTC+8,no,yes,yes,mn.svg,Mongolia.jpg,mongolia,most of Mongolia,1,most of Mongolia; country/region appears in multiple symbolic slots
UTC+8,8,utc-plus-08.png,Philippines,Philippines,PH,UTC+08:00,UTC+8,no,no,no,ph.svg,Philippines.jpg,philippines,,1,
UTC+8,8,utc-plus-08.png,Russia,Russia,RU,UTC+08:00,UTC+8,no,yes,yes,ru.svg,,russia,"MSK+05 - Irkutsk, Buryatia",1,"MSK+05 - Irkutsk, Buryatia; country/region appears in multiple symbolic slots"
UTC+8,8,utc-plus-08.png,Singapore,Singapore,SG,UTC+08:00,UTC+8,no,no,no,sg.svg,Singapore.jpg,singapore,"peninsular Malaysia, Concordia",1,"peninsular Malaysia, Concordia"
UTC+8,8,utc-plus-08.png,Taiwan,"Taiwan, Province of China",TW,UTC+08:00,UTC+8,no,no,yes,tw.svg,,taiwan,,1,
UTC+9,9,utc-plus-09.png,Australia,Australia,AU,UTC+09:00,UTC+9,no,yes,yes,au.svg,Australia.jpg,australia,Eyre Bird Observatory; Western Australia (Eucla),2,Eyre Bird Observatory; country/region appears in multiple symbolic slots
UTC+9,9,utc-plus-09.png,Indonesia,Indonesia,ID,UTC+09:00,UTC+9,no,yes,yes,id.svg,Indonesia.jpg,indonesia,"New Guinea (West Papua / Irian Jaya), Malukus/Moluccas",1,"New Guinea (West Papua / Irian Jaya), Malukus/Moluccas; country/region appears in multiple symbolic slots"
UTC+9,9,utc-plus-09.png,Japan,Japan,JP,UTC+09:00,UTC+9,no,no,no,jp.svg,Japan.jpg,japan,Eyre Bird Observatory,1,Eyre Bird Observatory
UTC+9,9,utc-plus-09.png,North Korea,"Korea, Democratic People's Republic of",KP,UTC+09:00,UTC+9,no,no,yes,kp.svg,,north-korea,,1,
UTC+9,9,utc-plus-09.png,Palau,Palau,PW,UTC+09:00,UTC+9,no,no,no,pw.svg,Palau.jpg,palau,,1,
UTC+9,9,utc-plus-09.png,Russia,Russia,RU,UTC+09:00,UTC+9,no,yes,yes,ru.svg,,russia,"MSK+06 - Zabaykalsky; MSK+06 - Tomponsky, Ust-Maysky; MSK+06 - Lena River",3,MSK+06 - Zabaykalsky; country/region appears in multiple symbolic slots
UTC+9,9,utc-plus-09.png,South Korea,"Korea, Republic of",KR,UTC+09:00,UTC+9,no,no,yes,kr.svg,,south-korea,,1,
UTC+9,9,utc-plus-09.png,Timor-Leste,Timor-Leste,TL,UTC+09:00,UTC+9,no,no,yes,tl.svg,,timor-leste,,1,
UTC+10,10,utc-plus-10.png,Antarctica,Antarctica,AQ,UTC+10:00,UTC+10,no,yes,yes,aq.svg,Antarctica.jpg,antarctica,"Papua New Guinea (most areas), Chuuk, Yap, Dumont d’Urville",1,"Papua New Guinea (most areas), Chuuk, Yap, Dumont d’Urville; country/region appears in multiple symbolic slots"
UTC+10,10,utc-plus-10.png,Australia,Australia,AU,UTC+10:00,UTC+10,no,yes,yes,au.svg,Australia.jpg,australia,Queensland (most areas); Northern Territory; Queensland (Whitsunday Islands),3,Queensland (most areas); country/region appears in multiple symbolic slots
UTC+10,10,utc-plus-10.png,Guam,Guam,GU,UTC+10:00,UTC+10,no,no,no,gu.svg,Guam.jpg,guam,,1,
UTC+10,10,utc-plus-10.png,Micronesia,"Micronesia, Federated States of",FM,UTC+10:00,UTC+10,no,yes,yes,fm.svg,,micronesia,"Papua New Guinea (most areas), Chuuk, Yap, Dumont d’Urville",1,"Papua New Guinea (most areas), Chuuk, Yap, Dumont d’Urville; country/region appears in multiple symbolic slots"
UTC+10,10,utc-plus-10.png,Northern Mariana Islands,Northern Mariana Islands,MP,UTC+10:00,UTC+10,no,no,yes,mp.svg,,northern-mariana-islands,,1,
UTC+10,10,utc-plus-10.png,Papua New Guinea,Papua New Guinea,PG,UTC+10:00,UTC+10,no,yes,yes,pg.svg,Papuanewguinea.jpg,papua-new-guinea,"Papua New Guinea (most areas), Chuuk, Yap, Dumont d’Urville",1,"Papua New Guinea (most areas), Chuuk, Yap, Dumont d’Urville; country/region appears in multiple symbolic slots"
UTC+10,10,utc-plus-10.png,Russia,Russia,RU,UTC+10:00,UTC+10,no,yes,yes,ru.svg,,russia,MSK+07 - Oymyakonsky; MSK+07 - Amur River,2,MSK+07 - Oymyakonsky; country/region appears in multiple symbolic slots
UTC+11,11,utc-plus-11.png,Australia,Australia,AU,UTC+11:00,UTC+11,no,yes,yes,au.svg,Australia.jpg,australia,Macquarie Island; South Australia; New South Wales (Yancowinna); Tasmania; Lord Howe Island; Victoria; New South Wales (most areas),7,Macquarie Island; country/region appears in multiple symbolic slots
UTC+11,11,utc-plus-11.png,Micronesia,"Micronesia, Federated States of",FM,UTC+11:00,UTC+11,no,yes,yes,fm.svg,,micronesia,Pohnpei; Kosrae,2,Pohnpei; country/region appears in multiple symbolic slots
UTC+11,11,utc-plus-11.png,New Caledonia,New Caledonia,NC,UTC+11:00,UTC+11,no,no,yes,nc.svg,,new-caledonia,,1,
UTC+11,11,utc-plus-11.png,Papua New Guinea,Papua New Guinea,PG,UTC+11:00,UTC+11,no,yes,yes,pg.svg,Papuanewguinea.jpg,papua-new-guinea,Bougainville,1,Bougainville; country/region appears in multiple symbolic slots
UTC+11,11,utc-plus-11.png,Russia,Russia,RU,UTC+11:00,UTC+11,no,yes,yes,ru.svg,,russia,"MSK+08 - Magadan; MSK+08 - Sakhalin Island; MSK+08 - Sakha (E), N Kuril Is",3,MSK+08 - Magadan; country/region appears in multiple symbolic slots
UTC+11,11,utc-plus-11.png,Solomon Islands,Solomon Islands,SB,UTC+11:00,UTC+11,no,no,no,sb.svg,SolomonIslands.jpg,solomon-islands,Pohnpei,1,Pohnpei
UTC+11,11,utc-plus-11.png,Vanuatu,Vanuatu,VU,UTC+11:00,UTC+11,no,no,no,vu.svg,Vanuatu.jpg,vanuatu,,1,
UTC+12,12,utc-plus-12.png,Fiji,Fiji,FJ,UTC+12:00,UTC+12,no,no,no,fj.svg,Fiji.jpg,fiji,,1,
UTC+12,12,utc-plus-12.png,Kiribati,Kiribati,KI,UTC+12:00,UTC+12,no,yes,yes,ki.svg,Kiribati.jpg,kiribati,"Gilberts, Marshalls, Wake",1,"Gilberts, Marshalls, Wake; country/region appears in multiple symbolic slots"
UTC+12,12,utc-plus-12.png,Marshall Islands,Marshall Islands,MH,UTC+12:00,UTC+12,no,no,no,mh.svg,Marshallislands.jpg,marshall-islands,"Kwajalein; Gilberts, Marshalls, Wake",2,Kwajalein
UTC+12,12,utc-plus-12.png,Nauru,Nauru,NR,UTC+12:00,UTC+12,no,no,no,nr.svg,Nauru.jpg,nauru,,1,
UTC+12,12,utc-plus-12.png,Norfolk Island,Norfolk Island,NF,UTC+12:00,UTC+12,no,no,yes,nf.svg,,norfolk-island,,1,
UTC+12,12,utc-plus-12.png,Russia,Russia,RU,UTC+12:00,UTC+12,no,yes,yes,ru.svg,,russia,MSK+09 - Bering Sea; MSK+09 - Kamchatka,2,MSK+09 - Bering Sea; country/region appears in multiple symbolic slots
UTC+12,12,utc-plus-12.png,Tuvalu,Tuvalu,TV,UTC+12:00,UTC+12,no,no,no,tv.svg,Tuvalu.jpg,tuvalu,"Gilberts, Marshalls, Wake",1,"Gilberts, Marshalls, Wake"
UTC+12,12,utc-plus-12.png,United States Minor Outlying Islands,United States Minor Outlying Islands,UM,UTC+12:00,UTC+12,no,yes,yes,um.svg,,united-states-minor-outlying-islands,"Gilberts, Marshalls, Wake",1,"Gilberts, Marshalls, Wake; country/region appears in multiple symbolic slots"
UTC+12,12,utc-plus-12.png,Wallis and Futuna,Wallis and Futuna,WF,UTC+12:00,UTC+12,no,no,no,wf.svg,WallisandFutunaIslands.jpg,wallis-and-futuna,"Gilberts, Marshalls, Wake",1,"Gilberts, Marshalls, Wake"
